verbatim;parent;edited
Allium ×proliferum;Allium cepa;Allium × proliferum
Salix ×grahamii;Salix repens;Salix × grahamii
Salix ×boydii;Salix reticulata;Salix × boydii
Salix ×austriaca;Salix purpurea;Salix × austriaca
Salix ×rubra;Salix purpurea;Salix × rubra
Prunus ×amygdalopersica;Prunus dulcis;Prunus × amygdalopersica
×Malosorbus florentina;Malus sylvestris;× Malosorbus florentina
Viola mirabilis × riviniana;Viola riviniana;Viola mirabilis × riviniana
Citrus × sinensis;Citrus maxima;Citrus × sinensis
Picea × lutzii;Picea glauca;Picea × lutzii
Picea albertiana;Picea glauca;Picea albertiana
Aloe ×schimperi;Aloe maculata;Aloe × schimperi
Salix ×tsugaluensis;Salix integra;Salix × tsugaluensis
Cistus akamantis;Cistus salviifolius;Cistus akamantis
Cistus florentinus;Cistus salviifolius;Cistus florentinus
Cistus obtusifolius;Cistus salviifolius;Cistus obtusifolius
Cistus cebennensis;Cistus salviifolius;Cistus cebennensis
Cistus verguinii;Cistus salviifolius;Cistus verguinii
Cistus pauranthus;Cistus salviifolius;Cistus pauranthus
Cistus timbalii;Cistus salviifolius;Cistus timbalii
Cistus neyrauti;Cistus salviifolius;Cistus neyrauti
Cistus hybridus;Cistus salviifolius;Cistus hybridus
Cistus ×dubius;Cistus salviifolius;Cistus × dubius
Aloe ×schimperi;Aloe striata;Aloe × schimperi
Pyrus ×irregularis;Pyrus communis;Pyrus × irregularis
Galactites ×rigualii;Galactites tomentosus;Galactites × rigualii
Populus ×canadensis;Populus nigra;Populus × canadensis
Populus ×berolinensis;Populus nigra;Populus × berolinensis
Picea × lutzii;Picea sitchensis;Picea × lutzii
×Malosorbus florentina;Sorbus torminalis;× Malosorbus florentina
Ulmus ×hollandica;Ulmus minor;Ulmus × hollandica
Ulmus ×hollandica;Ulmus glabra;Ulmus × hollandica
Cylindropuntia ×fosbergii;Cylindropuntia bigelovii;Cylindropuntia × fosbergii
Hibiscadelphus ×puakuahiwi;Hibiscadelphus hualalaiensis;Hibiscadelphus × puakuahiwi
Populus ×canadensis;Populus deltoides;Populus × canadensis
Populus × jackii;Populus deltoides;Populus × jackii
Cylindropuntia ×fosbergii;Cylindropuntia echinocarpa;Cylindropuntia × fosbergii
Populus × jackii;Populus balsamifera;Populus × jackii
Colchicum ×agrippinum;Colchicum autumnale;Colchicum × agrippinum
Tilia × europaea;Tilia platyphyllos;Tilia × europaea
Galium ×pomeranicum;Galium verum;Galium × pomeranicum
Betula aurata;Betula pendula;Betula aurata
Alnus pubescens;Alnus glutinosa;Alnus pubescens
Salix ×grahamii;Salix aurita;Salix × grahamii
Salix ×laestadiana;Salix cinerea;Salix × laestadiana
Salix ×altobracensis;Salix cinerea;Salix × altobracensis
Symphytum ×uplandicum;Symphytum officinale;Symphytum × uplandicum
Betula aurata;Betula pubescens;Betula aurata
Alnus pubescens;Alnus incana;Alnus pubescens
Amaranthus × soproniensis;Amaranthus retroflexus;Amaranthus × soproniensis
Amaranthus × adulterinus;Amaranthus retroflexus;Amaranthus × adulterinus
Platanus × hispanica;Platanus occidentalis;Platanus × hispanica
Carex ×acutangula;Carex acuta;Carex × acutangula
Pyrus ×irregularis;Sorbus aria;Pyrus × irregularis
Carex x takoensis;Carex lasiocarpa;Carex x takoensis
Atriplex ×northusana;Atriplex patula;Atriplex × northusana
Acer ×freemanii;Acer saccharinum;Acer × freemanii
Rubus ×castoreus;Rubus saxatilis;Rubus × castoreus
Salix ×rubra;Salix viminalis;Salix × rubra
Malus dawsoniana;Malus pumila;Malus dawsoniana
Tilia × euchlora;Tilia cordata;Tilia × euchlora
Tilia × europaea;Tilia cordata;Tilia × europaea
Annona ×atemoya;Annona cherimola;Annona × atemoya
Rumex ×dolosus;Rumex aquaticus;Rumex × dolosus
Rumex ×cacozelus;Rumex aquaticus;Rumex × cacozelus
Salix ×cottetii;Salix myrsinifolia;Salix × cottetii
Orchis × loreziana;Orchis pallens;Orchis × loreziana
Epilobium ×gerardii;Epilobium anagallidifolium;Epilobium × gerardii
Salix ×laurina;Salix caprea;Salix × laurina
Salix ×altobracensis;Salix caprea;Salix × altobracensis
Calystegia ×howittiorum;Calystegia silvatica;Calystegia × howittiorum
Verbascum × collinum;Verbascum thapsus;Verbascum × collinum
Camellia vernalis;Camellia japonica;Camellia vernalis
Galium ×pomeranicum;Galium album;Galium × pomeranicum
Epilobium ×gerardii;Epilobium obscurum;Epilobium × gerardii
Salix ×austriaca;Salix appendiculata;Salix × austriaca
Petunia ×atkinsiana;Petunia integrifolia;Petunia × atkinsiana
Anemone nemorosa × ranunculoides;Anemone ranunculoides;Anemone nemorosa × ranunculoides
Anemone nemorosa × ranunculoides;Anemone nemorosa;Anemone nemorosa × ranunculoides
Platanus × hispanica;Platanus orientalis;Platanus × hispanica
Anacamptis ×gennarii;Anacamptis morio;Anacamptis × gennarii
Acer ×freemanii;Acer rubrum;Acer × freemanii
Sempervivum ×fauconnettii;Sempervivum arachnoideum;Sempervivum × fauconnettii
Sempervivum × giuseppii;Sempervivum arachnoideum;Sempervivum × giuseppii
Sempervivum ×vaccarii;Sempervivum arachnoideum;Sempervivum × vaccarii
Sempervivum ×barbulatum;Sempervivum arachnoideum;Sempervivum × barbulatum
Sempervivum ×morellianum;Sempervivum arachnoideum;Sempervivum × morellianum
Sempervivum ×stenopetalum;Sempervivum montanum;Sempervivum × stenopetalum
Sempervivum ×rupicola;Sempervivum montanum;Sempervivum × rupicola
Sempervivum ×christii;Sempervivum montanum;Sempervivum × christii
Sempervivum ×barbulatum;Sempervivum montanum;Sempervivum × barbulatum
Triticum turanicum;Triticum polonicum;Triticum turanicum
Sagittaria ×lunata;Sagittaria sagittifolia;Sagittaria × lunata
Viola mirabilis × reichenbachiana;Viola mirabilis;Viola mirabilis × reichenbachiana
Viola mirabilis × riviniana;Viola mirabilis;Viola mirabilis × riviniana
Sempervivum ×fauconnettii;Sempervivum tectorum;Sempervivum × fauconnettii
Sempervivum ×stenopetalum;Sempervivum tectorum;Sempervivum × stenopetalum
Sempervivum ×comollii;Sempervivum tectorum;Sempervivum × comollii
Mentha dalmatica;Mentha longifolia;Mentha dalmatica
Mentha ×dumetorum;Mentha longifolia;Mentha × dumetorum
Oxalis × vanaelstii;Oxalis corniculata;Oxalis × vanaelstii
Betula ×dosmannii;Betula ermanii;Betula × dosmannii
Salix ×simulatrix;Salix herbacea;Salix × simulatrix
Salix ×grahamii;Salix herbacea;Salix × grahamii
Calystegia ×howittiorum;Calystegia pulchra;Calystegia × howittiorum
Tilia ×moltkei;Tilia petiolaris;Tilia × moltkei
Tilia ×moltkei;Tilia americana;Tilia × moltkei
Amaranthus × budensis;Amaranthus albus;Amaranthus × budensis
Sempervivum ×nixonii;Sempervivum globiferum;Sempervivum × nixonii
Salix ×cottetii;Salix retusa;Salix × cottetii
Crocus × fritschii;Crocus vernus;Crocus × fritschii
Picea albertiana;Picea engelmannii;Picea albertiana
Ilex ×altaclerensis;Ilex aquifolium;Ilex × altaclerensis
Berberis ×hybrido-gagnepainii;Berberis verruculosa;Berberis × hybrido-gagnepainii
Rubus ×castoreus;Rubus arcticus;Rubus × castoreus
Cornus ×elwinortonii;Cornus nuttallii;Cornus × elwinortonii
Betula ×jackii;Betula lenta;Betula × jackii
Annona ×atemoya;Annona squamosa;Annona × atemoya
Brachychiton ×vinicolor;Brachychiton discolor;Brachychiton × vinicolor
Stapelia meintjesii;Stapelia gigantea;Stapelia meintjesii
Scolymus ×castaneus;Scolymus maculatus;Scolymus × castaneus
Arbutus × andrachnoides;Arbutus unedo;Arbutus × andrachnoides
Aeonium ×anagense;Aeonium lindleyi;Aeonium × anagense
Ambrosia platyspina;Ambrosia dumosa;Ambrosia platyspina
Betula ×jackii;Betula pumila;Betula × jackii
Spiranthes × simpsonii;Spiranthes romanzoffiana;Spiranthes × simpsonii
Crocus × paulineae;Crocus ancyrensis;Crocus × paulineae
Colchicum ×agrippinum;Colchicum variegatum;Colchicum × agrippinum
Tsuga jeffreyi;Tsuga mertensiana;Tsuga jeffreyi
Viola mirabilis × reichenbachiana;Viola reichenbachiana;Viola mirabilis × reichenbachiana
Disa ×vogelpoelii;Disa graminifolia;Disa × vogelpoelii
Eucalyptus erythrandra;Eucalyptus tetraptera;Eucalyptus erythrandra
Sempervivum ×morellianum;Sempervivum calcareum;Sempervivum × morellianum
Dombeya cayeuxii;Dombeya wallichii;Dombeya cayeuxii
Rosa × micrugosa;Rosa rugosa;Rosa × micrugosa
Cornus ×elwinortonii;Cornus kousa;Cornus × elwinortonii
Cornus ×rutgersensis;Cornus kousa;Cornus × rutgersensis
Asimina ×nashii;Asimina longifolia;Asimina × nashii
Pinus ×holfordiana;Pinus wallichiana;Pinus × holfordiana
Cistus × purpureus;Cistus ladanifer;Cistus × purpureus
Cistus dansereaui;Cistus ladanifer;Cistus dansereaui
Cistus aguilari;Cistus ladanifer;Cistus aguilari
Cistus stenophyllus;Cistus ladanifer;Cistus stenophyllus
Cistus verguinii;Cistus ladanifer;Cistus verguinii
Cistus cyprius;Cistus ladanifer;Cistus cyprius
Cistus matritensis;Cistus ladanifer;Cistus matritensis
Cistus rodiei;Cistus ladanifer;Cistus rodiei
Cistus neyrauti;Cistus ladanifer;Cistus neyrauti
Cistus fernandesiae;Cistus ladanifer;Cistus fernandesiae
Cistus hetieri;Cistus ladanifer;Cistus hetieri
Cistus curvativus;Cistus ladanifer;Cistus curvativus
Cistus ×lepidocalyx;Cistus ladanifer;Cistus × lepidocalyx
Cistus ×porphyreus;Cistus ladanifer;Cistus × porphyreus
Magnolia × soulangeana;Magnolia denudata;Magnolia × soulangeana
Cistus banaresii;Cistus symphytifolius;Cistus banaresii
Cistus ralletii;Cistus symphytifolius;Cistus ralletii
Cistus ×chnoodophyllus;Cistus symphytifolius;Cistus × chnoodophyllus
Cistus ×oxyphyllus;Cistus symphytifolius;Cistus × oxyphyllus
Arum sooi;Arum maculatum;Arum sooi
Pinus ×densithunbergii;Pinus thunbergii;Pinus × densithunbergii
Cornus ×rutgersensis;Cornus florida;Cornus × rutgersensis
Convolvulus × despreauxii;Convolvulus floridus;Convolvulus × despreauxii
Cistus × purpureus;Cistus creticus;Cistus × purpureus
Cistus conradiae;Cistus creticus;Cistus conradiae
Cistus strigosus;Cistus creticus;Cistus strigosus
Cistus sammonsii;Cistus creticus;Cistus sammonsii
Cistus olivaceus;Cistus creticus;Cistus olivaceus
Cistus gardianus;Cistus creticus;Cistus gardianus
Cistus ralletii;Cistus creticus;Cistus ralletii
Cistus ×argenteus;Cistus creticus;Cistus × argenteus
Cistus ×canescens;Cistus creticus;Cistus × canescens
Cistus ×crispatus;Cistus creticus;Cistus × crispatus
Cistus ×crumleyae;Cistus creticus;Cistus × crumleyae
Cistus ×cymosus;Cistus creticus;Cistus × cymosus
Cistus ×escartianus;Cistus creticus;Cistus × escartianus
Cistus ×lucasii;Cistus creticus;Cistus × lucasii
Cistus ×tephreus;Cistus creticus;Cistus × tephreus
Brachychiton ×vinicolor;Brachychiton acerifolius;Brachychiton × vinicolor
Arbutus × andrachnoides;Arbutus andrachne;Arbutus × andrachnoides
Magnolia × soulangeana;Magnolia liliiflora;Magnolia × soulangeana
Sempervivum ×rupicola;Sempervivum wulfenii;Sempervivum × rupicola
Sempervivum ×comollii;Sempervivum wulfenii;Sempervivum × comollii
Amaranthus × adulterinus;Amaranthus hybridus;Amaranthus × adulterinus
Pinus ×densithunbergii;Pinus densiflora;Pinus × densithunbergii
Tsuga jeffreyi;Tsuga heterophylla;Tsuga jeffreyi
Arum sooi;Arum cylindraceum;Arum sooi
Serapias ×ambigua;Serapias lingua;Serapias × ambigua
Aeonium ×anagense;Aeonium tabuliforme;Aeonium × anagense
Serapias ×ambigua;Serapias cordigera;Serapias × ambigua
Crocus × hybridus;Crocus chrysanthus;Crocus × hybridus
Phalaenopsis ×gersenii;Phalaenopsis violacea;Phalaenopsis × gersenii
Cattleya ×pittiana;Cattleya schilleriana;Cattleya × pittiana
Cattleya ×pittiana;Cattleya harrisoniana;Cattleya × pittiana
Serapias ×alberti;Serapias neglecta;Serapias × alberti
Salix ×boydii;Salix lapponum;Salix × boydii
Salix ×laestadiana;Salix lapponum;Salix × laestadiana
Magnolia ×wieseneri;Magnolia sieboldii;Magnolia × wieseneri
Scolymus ×castaneus;Scolymus hispanicus;Scolymus × castaneus
Cistus akamantis;Cistus monspeliensis;Cistus akamantis
Cistus florentinus;Cistus monspeliensis;Cistus florentinus
Cistus stenophyllus;Cistus monspeliensis;Cistus stenophyllus
Cistus conradiae;Cistus monspeliensis;Cistus conradiae
Cistus ledon;Cistus monspeliensis;Cistus ledon
Cistus platysepalus;Cistus monspeliensis;Cistus platysepalus
Cistus nigricans;Cistus monspeliensis;Cistus nigricans
Cistus skanbergii;Cistus monspeliensis;Cistus skanbergii
Cistus neyrauti;Cistus monspeliensis;Cistus neyrauti
Cistus heterocalyx;Cistus monspeliensis;Cistus heterocalyx
Cistus hetieri;Cistus monspeliensis;Cistus hetieri
Cistus ×lecomtei;Cistus monspeliensis;Cistus × lecomtei
Cistus ×mesoensis;Cistus monspeliensis;Cistus × mesoensis
Salix ×laurina;Salix phylicifolia;Salix × laurina
Sempervivum ×nixonii;Sempervivum heuffelii;Sempervivum × nixonii
Serapias ×alberti;Serapias vomeracea;Serapias × alberti
Berberis ×hybrido-gagnepainii;Berberis gagnepainii;Berberis × hybrido-gagnepainii
Crocus × leonidii;Crocus angustifolius;Crocus × leonidii
Pinus ×holfordiana;Pinus ayacahuite;Pinus × holfordiana
Sempervivum ×vaccarii;Sempervivum grandiflorum;Sempervivum × vaccarii
Sempervivum ×christii;Sempervivum grandiflorum;Sempervivum × christii
Betula ×dosmannii;Betula maximowicziana;Betula × dosmannii
Symphytum ×uplandicum;Symphytum asperum;Symphytum × uplandicum
Huernia distincta;Huernia pillansii;Huernia distincta
Atriplex ×northusana;Atriplex oblongifolia;Atriplex × northusana
Cistus ×incanus;Cistus albidus;Cistus × incanus
Cistus clausonii;Cistus albidus;Cistus clausonii
Cistus timbalii;Cistus albidus;Cistus timbalii
Cistus rodiei;Cistus albidus;Cistus rodiei
Cistus olivaceus;Cistus albidus;Cistus olivaceus
Cistus gardianus;Cistus albidus;Cistus gardianus
Cistus daveauanus;Cistus albidus;Cistus daveauanus
Cistus bornetianus;Cistus albidus;Cistus bornetianus
Cistus ×argenteus;Cistus albidus;Cistus × argenteus
Cistus ×canescens;Cistus albidus;Cistus × canescens
Cistus ×lecomtei;Cistus albidus;Cistus × lecomtei
Cistus ×picardianus;Cistus albidus;Cistus × picardianus
Cistus ×tephreus;Cistus albidus;Cistus × tephreus
Populus ×berolinensis;Populus laurifolia;Populus × berolinensis
Phalaenopsis ×gersenii;Phalaenopsis sumatrana;Phalaenopsis × gersenii
Triticum turanicum;Triticum turgidum;Triticum turanicum
Crocus × leonidii;Crocus reticulatus;Crocus × leonidii
Crocus asturicus;Crocus nudiflorus;Crocus asturicus
Sempervivum × giuseppii;Sempervivum cantabricum;Sempervivum × giuseppii
Sempervivum ×versicolor;Sempervivum marmoreum;Sempervivum × versicolor
Sempervivum ×versicolor;Sempervivum ruthenicum;Sempervivum × versicolor
Magnolia ×wieseneri;Magnolia obovata;Magnolia × wieseneri
Anthurium ferrierense;Anthurium andraeanum;Anthurium ferrierense
Tylecodon ×fergusoniae;Tylecodon paniculatus;Tylecodon × fergusoniae
Eucalyptus affinis;Eucalyptus albens;Eucalyptus affinis
Camellia vernalis;Camellia sasanqua;Camellia vernalis
Rumex ×dolosus;Rumex confertus;Rumex × dolosus
Eucalyptus affinis;Eucalyptus sideroxylon;Eucalyptus affinis
Actaea ×ludovici;Actaea pachypoda;Actaea × ludovici
Atriplex ×neomexicana;Atriplex confertifolia;Atriplex × neomexicana
Actaea ×ludovici;Actaea rubra;Actaea × ludovici
Dombeya cayeuxii;Dombeya burgessiae;Dombeya cayeuxii
Populus ×beijingensis;Populus cathayana;Populus × beijingensis
Hibiscadelphus ×puakuahiwi;Hibiscadelphus giffardianus;Hibiscadelphus × puakuahiwi
Acalypha ×koraensis;Acalypha indica;Acalypha × koraensis
Petunia ×atkinsiana;Petunia axillaris;Petunia × atkinsiana
Rosa × micrugosa;Rosa roxburghii;Rosa × micrugosa
Cistus ledon;Cistus laurifolius;Cistus ledon
Cistus cyprius;Cistus laurifolius;Cistus cyprius
Cistus sammonsii;Cistus laurifolius;Cistus sammonsii
Cistus bornetianus;Cistus laurifolius;Cistus bornetianus
Cistus hetieri;Cistus laurifolius;Cistus hetieri
Cistus ×argenteus;Cistus laurifolius;Cistus × argenteus
Cistus ×dubius;Cistus laurifolius;Cistus × dubius
Cistus ×oblongifolius;Cistus laurifolius;Cistus × oblongifolius
Cistus ×pagei;Cistus laurifolius;Cistus × pagei
Salix ×simulatrix;Salix arbuscula;Salix × simulatrix
Dracula ×radiosyndactyla;Dracula radiosa;Dracula × radiosyndactyla
Dracula ×radiosyndactyla;Dracula syndactyla;Dracula × radiosyndactyla
Elymus pinalenoensis;Elymus elymoides;Elymus pinalenoensis
Guzmania amoena;Guzmania longipetala;Guzmania amoena
Cistus ×incanus;Cistus crispus;Cistus × incanus
Cistus ultraviolaceus;Cistus crispus;Cistus ultraviolaceus
Cistus gardianus;Cistus crispus;Cistus gardianus
Cistus fernandesiae;Cistus crispus;Cistus fernandesiae
Cistus ×crispatus;Cistus crispus;Cistus × crispatus
Cistus heterocalyx;Cistus libanotis;Cistus heterocalyx
Cistus ×lepidocalyx;Cistus libanotis;Cistus × lepidocalyx
Cistus ×glaucifolius;Cistus osbeckiifolius;Cistus × glaucifolius
Cistus ×penarcleusensis;Cistus osbeckiifolius;Cistus × penarcleusensis
Isoëtes michinokuana;Isoëtes japonica;Isoëtes michinokuana
Isoëtes carltaylori;Isoetes engelmannii;Isoëtes carltaylori
Anacamptis ×gennarii;Anacamptis papilionacea;Anacamptis × gennarii
Platanthera ×correllii;Platanthera stricta;Platanthera × correllii
Oxalis × vanaelstii;Oxalis dillenii;Oxalis × vanaelstii
Rumex ×cacozelus;Rumex stenophyllus;Rumex × cacozelus
Salix ×tsugaluensis;Salix vulpina;Salix × tsugaluensis
Saxifraga ×fontqueri;Saxifraga globulifera;Saxifraga × fontqueri
Hylotelephium furusei;Hylotelephium erythrostictum;Hylotelephium furusei
Begonia ×buimontana;Begonia taiwaniana;Begonia × buimontana
Cistus matritensis;Cistus clusii;Cistus matritensis
Cistus aguilari;Cistus populifolius;Cistus aguilari
Cistus laxus;Cistus populifolius;Cistus laxus
Cistus nigricans;Cistus populifolius;Cistus nigricans
Cistus hybridus;Cistus populifolius;Cistus hybridus
Cistus clausonii;Cistus heterophyllus;Cistus clausonii
Cistus ultraviolaceus;Cistus heterophyllus;Cistus ultraviolaceus
Cistus strigosus;Cistus heterophyllus;Cistus strigosus
Cistus reghaiensis;Cistus heterophyllus;Cistus reghaiensis
Cistus olivaceus;Cistus heterophyllus;Cistus olivaceus
Cistus curvativus;Cistus heterophyllus;Cistus curvativus
Cistus ×escartianus;Cistus heterophyllus;Cistus × escartianus
Cistus ×tephreus;Cistus heterophyllus;Cistus × tephreus
Convolvulus × despreauxii;Convolvulus scoparius;Convolvulus × despreauxii
Helianthus ×multiflorus;Helianthus decapetalus;Helianthus × multiflorus
Acalypha ×koraensis;Acalypha crenata;Acalypha × koraensis
Disa ×vogelpoelii;Disa ferruginea;Disa × vogelpoelii
Ilex ×altaclerensis;Ilex perado;Ilex × altaclerensis
Amaranthus × budensis;Amaranthus blitum var. blitum;Amaranthus × budensis
Potentilla polyjosephiana;Potentilla polyphylla;Potentilla polyjosephiana
Cyclosorus ×kumaunicus;Cyclosorus aridus;Cyclosorus × kumaunicus
Cyclosorus ×gorkhalensis;Cyclosorus aridus;Cyclosorus × gorkhalensis
Pseudophegopteris ×kashmiriana;Pseudophegopteris levingei;Pseudophegopteris × kashmiriana
Sagittaria ×lunata;Sagittaria natans;Sagittaria × lunata
Cyclosorus ×inexspectatus;Cyclosorus dentatus;Cyclosorus × inexspectatus
Cyclosorus ×linii;Cyclosorus dentatus;Cyclosorus × linii
Cyclosorus ×jaculodentatus;Cyclosorus dentatus;Cyclosorus × jaculodentatus
Cyclosorus ×nareshii;Cyclosorus dentatus;Cyclosorus × nareshii
Cyclosorus ×nepalensis;Cyclosorus dentatus;Cyclosorus × nepalensis
Begonia ×buimontana;Begonia palmata;Begonia × buimontana
Carex x takoensis;Carex rugulosa;Carex x takoensis
Cyclosorus ×jaculodentatus;Cyclosorus jaculosus;Cyclosorus × jaculodentatus
Cyclosorus ×inexspectatus;Cyclosorus evolutus;Cyclosorus × inexspectatus
Anthurium ferrierense;Anthurium nymphaeifolium;Anthurium ferrierense
Cistus reghaiensis;Cistus florentinus;Cistus reghaiensis
Cistus microcymosus;Cistus obtusifolius;Cistus microcymosus
Cistus strigosus;Cistus chinamadensis;Cistus strigosus
Cistus olivaceus;Cistus chinamadensis;Cistus olivaceus
Cistus ×chnoodophyllus;Cistus chinamadensis;Cistus × chnoodophyllus
Cistus ×lucasii;Cistus chinamadensis;Cistus × lucasii
Cistus ×penarcleusensis;Cistus chinamadensis;Cistus × penarcleusensis
Cistus ×picardianus;Cistus chinamadensis;Cistus × picardianus
Cistus dansereaui;Cistus inflatus;Cistus dansereaui
Cistus obtusifolius;Cistus inflatus;Cistus obtusifolius
Cistus laxus;Cistus inflatus;Cistus laxus
Cistus platysepalus;Cistus inflatus;Cistus platysepalus
Cistus daveauanus;Cistus inflatus;Cistus daveauanus
Cistus ×oblongifolius;Cistus inflatus;Cistus × oblongifolius
Cistus banaresii;Cistus palmensis;Cistus banaresii
Cistus akamantis;Cistus parviflorus;Cistus akamantis
Cistus pauranthus;Cistus parviflorus;Cistus pauranthus
Cistus skanbergii;Cistus parviflorus;Cistus skanbergii
Cistus ×cymosus;Cistus parviflorus;Cistus × cymosus
Cistus ×lenis;Cistus parviflorus;Cistus × lenis
Cistus ×mesoensis;Cistus parviflorus;Cistus × mesoensis
Cistus ×pagei;Cistus parviflorus;Cistus × pagei
Cistus ×porphyreus;Cistus parviflorus;Cistus × porphyreus
Cistus cebennensis;Cistus pouzolzii;Cistus cebennensis
Cistus ×lenis;Cistus sintenisii;Cistus × lenis
Cistus ×mesoensis;Cistus sintenisii;Cistus × mesoensis
Cyclosorus ×linii;Cyclosorus clarkei;Cyclosorus × linii
Cyclosorus ×linii;Cyclosorus clarkei;Cyclosorus × linii
Cyclosorus ×gorkhalensis;Cyclosorus clarkei;Cyclosorus × gorkhalensis
Cyclosorus ×gorkhalensis;Cyclosorus clarkei;Cyclosorus × gorkhalensis
Cyclosorus ×papilioides;Cyclosorus papilio;Cyclosorus × papilioides
Cyclosorus ×parahispidulus;Cyclosorus papilio;Cyclosorus × parahispidulus
Cyclosorus ×nareshii;Cyclosorus appendiculatus;Cyclosorus × nareshii
Cyclosorus ×nareshii;Cyclosorus appendiculatus;Cyclosorus × nareshii
Cyclosorus ×nareshii;Cyclosorus appendiculatus;Cyclosorus × nareshii
Phlomis ×ekimii;Phlomis bruguieri;Phlomis × ekimii
Phlomis ×ekimii;Phlomis capitata;Phlomis × ekimii
Huernia distincta;Huernia clavigera;Huernia distincta
Sideritis ×edetana;Sideritis sericea;Sideritis × edetana
×Orbelia barklyi;Orbea namaquensis;× Orbelia barklyi
×Orbelia barklyi;Stapelia pulvinata;× Orbelia barklyi
×Staparesia meintjesii;Tavaresia barklyi;× Staparesia meintjesii
Citrus junos;Citrus cavaleriei;Citrus junos
Eucalyptus erythrandra;Eucalyptus incrassata;Eucalyptus erythrandra
Platanthera ×correllii;Platanthera aquilonis;Platanthera × correllii
Tylecodon ×fergusoniae;Tylecodon cacalioides;Tylecodon × fergusoniae
Sigmatostalix luerorum;Sigmatostalix morganii;Sigmatostalix luerorum
Sigmatostalix luerorum;Sigmatostalix picta;Sigmatostalix luerorum
Elymus pinalenoensis;Elymus arizonicus;Elymus pinalenoensis
Elymus ×nothus;Elymus dentatus;Elymus × nothus
Elymus ×spurius;Elymus dentatus;Elymus × spurius
Elymus ×nothus;Elymus fedtschenkoi;Elymus × nothus
Elymus ×spurius;Elymus ×russellii;Elymus × spurius
Guzmania amoena;Guzmania kraenzliniana;Guzmania amoena
Crocus × paulineae;Crocus abantensis;Crocus × paulineae
Alsophila ×fagildei;Alsophila minor;Alsophila × fagildei
Carex ×acutangula;Carex salina;Carex × acutangula
Atriplex ×neomexicana;Atriplex cuneata;Atriplex × neomexicana
Myriopteris ×fibrillosa;Myriopteris covillei;Myriopteris × fibrillosa
Myriopteris ×parishii;Myriopteris covillei;Myriopteris × parishii
Alsophila ×fagildei;Alsophila woodwardioides;Alsophila × fagildei
Ambrosia platyspina;Ambrosia salsola;Ambrosia platyspina
Pilosella ×byzantina;Pilosella pseudopilosella;Pilosella × byzantina
Polystichum ×saltum;Polystichum wilsonii;Polystichum × saltum
Galactites ×rigualii;Galactites duriaei;Galactites × rigualii
Isoëtes carltaylori;Isoetes acadiensis;Isoëtes carltaylori
Isoëtes michinokuana;Isoëtes pseudojaponica;Isoëtes michinokuana
Polystichum ×saltum;Polystichum transvaalense;Polystichum × saltum
Asimina ×nashii;Asimina speciosa;Asimina × nashii
Cyclosorus ×wildemanii;Cyclosorus afrus;Cyclosorus × wildemanii
Cyclosorus ×varievenulosus;Cyclosorus afrus;Cyclosorus × varievenulosus
Cyclosorus ×varievenulosus;Cyclosorus hispidulus;Cyclosorus × varievenulosus
Cyclosorus ×varievenulosus;Cyclosorus hispidulus;Cyclosorus × varievenulosus
Cyclosorus ×kumaunicus;Cyclosorus procerus;Cyclosorus × kumaunicus
Cyclosorus ×papilioides;Cyclosorus procerus;Cyclosorus × papilioides
Cyclosorus ×parahispidulus;Cyclosorus procerus;Cyclosorus × parahispidulus
Myriopteris ×fibrillosa;Myriopteris newberryi;Myriopteris × fibrillosa
Myriopteris ×parishii;Myriopteris parryi;Myriopteris × parishii
Potentilla × pantotricha;Potentilla gorokana;Potentilla × pantotricha
Convolvulus ×turcicus;Convolvulus holosericeus;Convolvulus × turcicus
Convolvulus ×turcicus;Convolvulus compactus;Convolvulus × turcicus
Onosma ×hybrida;Onosma lineariloba;Onosma × hybrida
Cistus microcymosus;Cistus hybridus;Cistus microcymosus
Hylotelephium furusei;Hylotelephium cauticola;Hylotelephium furusei
Stapelia meintjesii;Stapelia gettliffei;Stapelia meintjesii
×Staparesia meintjesii;Stapelia gettliffei;× Staparesia meintjesii
Cistus ×crumleyae;Cistus ochreatus;Cistus × crumleyae
Cistus ×glaucifolius;Cistus ochreatus;Cistus × glaucifolius
Cistus ×oxyphyllus;Cistus ochreatus;Cistus × oxyphyllus
Potentilla × pantotricha;Potentilla philippinensis;Potentilla × pantotricha
Onosma ×hybrida;Onosma stenoloba;Onosma × hybrida
Tilia × euchlora;Tilia dasystyla subsp. dasystyla;Tilia × euchlora
Calypso bulbosa nothovar. kostiukiae;Calypso bulbosa var. americana;Calypso bulbosa nothovar. kostiukiae
Spiranthes × simpsonii;Spiranthes lacera var. lacera;Spiranthes × simpsonii
Pilosella ×byzantina;Pilosella hoppeana subsp. testimonialis;Pilosella × byzantina
Crocus × hybridus;Crocus adamii;Crocus × hybridus
Calypso bulbosa nothovar. kostiukiae;Calypso bulbosa var. occidentalis;Calypso bulbosa nothovar. kostiukiae
Crocus asturicus;Crocus salzmannii;Crocus asturicus
Oncidium ×domingense;Oncidium haitiense;Oncidium × domingense
Oncidium ×ann-hadderae;Oncidium haitiense;Oncidium × ann-hadderae
Oncidium ×floride-phillipsiae;Oncidium prionochilum;Oncidium × floride-phillipsiae
Oncidium ×domingense;Oncidium scandens;Oncidium × domingense
Agropyron ×nothum;Agropyron dentatum;Agropyron × nothum
Potentilla polyjosephiana;Potentilla josephiana;Potentilla polyjosephiana
Amaranthus × soproniensis;Amaranthus powellii powellii;Amaranthus × soproniensis
Oncidium ×floride-phillipsiae;Oncidium variegatum;Oncidium × floride-phillipsiae
Oncidium ×ann-hadderae;Oncidium variegatum;Oncidium × ann-hadderae
Crocus × fritschii;Crocus duplex;Crocus × fritschii
Citrus ×microcarpa;NA;Citrus × microcarpa
Mentha ×verticillata;NA;Mentha × verticillata
Mentha ×verticillata;NA;Mentha × verticillata
Citrus ×microcarpa;NA;Citrus × microcarpa
