verbatim;parent;edited
Acaena anserinifolia x inermis;Acaena anserinifolia;Acaena anserinifolia × inermis
Acaena anserinifolia x inermis;Acaena inermis;Acaena anserinifolia × inermis
Aconitum x cammarum L.;Aconitum napellus;Aconitum × cammarum L.
Aconitum x cammarum L.;Aconitum variegatum;Aconitum × cammarum L.
Agrostis gigantea x stolonifera;Agrostis gigantea;Agrostis gigantea × stolonifera
Agrostis gigantea x stolonifera;Agrostis stolonifera;Agrostis gigantea × stolonifera
Agrostis x bjoerkmanii Widén;Agrostis capillaris;Agrostis × bjoerkmanii Widén
Agrostis x bjoerkmanii Widén;Agrostis gigantea;Agrostis × bjoerkmanii Widén
Agrostis x fouilladeana Lambinon & Verloove;Agrostis capillaris;Agrostis × fouilladeana Lambinon & Verloove
Agrostis x fouilladeana Lambinon & Verloove;Agrostis castellana;Agrostis × fouilladeana Lambinon & Verloove
Alnus x hybrida A. Braun ex Rchb.;Alnus glutinosa;Alnus × hybrida A. Braun ex Rchb.
Alnus x hybrida A. Braun ex Rchb.;Alnus incana;Alnus × hybrida A. Braun ex Rchb.
Amaranthus x ozanonii (Thell.) C. Schust. & M. Goldschm.;Amaranthus retroflexus;Amaranthus × ozanonii (Thell.) C. Schust. & M. Goldschm.
Amaranthus x ozanonii (Thell.) C. Schust. & M. Goldschm.;Amaranthus hybridus;Amaranthus × ozanonii (Thell.) C. Schust. & M. Goldschm.
Anchusa x baumgartenii (Nyman) Gusul.;Anchusa ochroleuca;Anchusa × baumgartenii (Nyman) Gusul.
Anchusa x baumgartenii (Nyman) Gusul.;Anchusa officinalis;Anchusa × baumgartenii (Nyman) Gusul.
Anemone x hybrida Paxton;Anemone hupehensis;Anemone × hybrida Paxton
Anemone x hybrida Paxton;Anemone vitifolia;Anemone × hybrida Paxton
Arctium x nothum (Ruhmer) J. Weiss;Arctium lappa;Arctium × nothum (Ruhmer) J. Weiss
Arctium x nothum (Ruhmer) J. Weiss;Arctium minus;Arctium × nothum (Ruhmer) J. Weiss
Artemisia x wurzellii C.M. James & Stace;Artemisia vulgaris;Artemisia × wurzellii C.M. James & Stace
Artemisia x wurzellii C.M. James & Stace;Artemisia verlotiorum;Artemisia × wurzellii C.M. James & Stace
Aster x salignus Willd.;Aster novi-belgii;Aster × salignus Willd.
Aster x salignus Willd.;Aster lanceolatus;Aster × salignus Willd.
Aster x versicolor Willd.;Aster laevis;Aster × versicolor Willd.
Aster x versicolor Willd.;Aster novi-belgii;Aster × versicolor Willd.
Astilbe x arendsii Arends;Astilbe japonica;Astilbe × arendsii Arends
Astilbe x arendsii Arends;Astilbe chinensis;Astilbe × arendsii Arends
Astilbe x arendsii Arends;Astilbe rosea;Astilbe × arendsii Arends
Avena x hybrida Peterm.;Avena fatua;Avena × hybrida Peterm.
Avena x hybrida Peterm.;Avena sativa;Avena × hybrida Peterm.
Berberis x stenophylla Lindl.;Berberis darwinii;Berberis × stenophylla Lindl.
Berberis x stenophylla Lindl.;Berberis empetrifolia;Berberis × stenophylla Lindl.
Brassica x harmsiana O.E. Schulz;Brassica napus;Brassica × harmsiana O.E. Schulz
Brassica x harmsiana O.E. Schulz;Brassica rapa;Brassica × harmsiana O.E. Schulz
Bromus x pseudothominei P.M.Sm.;Bromus hordeaceus;Bromus × pseudothominei P.M.Sm.
Bromus x pseudothominei P.M.Sm.;Bromus lepidus;Bromus × pseudothominei P.M.Sm.
Buddleja x weyeriana Weyer;Buddleja davidii;Buddleja × weyeriana Weyer
Buddleja x weyeriana Weyer;Buddleja globosa;Buddleja × weyeriana Weyer
Calystegia x howittiorum Brummitt;Calystegia pulchra;Calystegia × howittiorum Brummitt
Calystegia x howittiorum Brummitt;Calystegia silvatica;Calystegia × howittiorum Brummitt
Calystegia x lucana (Ten.) G. Don;Calystegia sepium;Calystegia × lucana (Ten.) G. Don
Calystegia x lucana (Ten.) G. Don;Calystegia silvatica;Calystegia × lucana (Ten.) G. Don
Calystegia x scanica Brummitt;Calystegia sepium;Calystegia × scanica Brummitt
Calystegia x scanica Brummitt;Calystegia pulchra;Calystegia × scanica Brummitt
Capsella x gracilis Gren.;Capsella bursa-pastoris;Capsella × gracilis Gren.
Capsella x gracilis Gren.;Capsella rubella;Capsella × gracilis Gren.
Centaurea x moncktonii C.E. Britton;Centaurea nigra;Centaurea × moncktonii C.E. Britton
Centaurea x moncktonii C.E. Britton;Centaurea jacea;Centaurea × moncktonii C.E. Britton
Cerastium x maueri M.Schulze;Cerastium arvense;Cerastium × maueri M.Schulze
Cerastium x maueri M.Schulze;Cerastium tomentosum;Cerastium × maueri M.Schulze
Chenopodium x bontei Aellen;Chenopodium carinatum;Chenopodium × bontei Aellen
Chenopodium x bontei Aellen;Chenopodium cristatum;Chenopodium × bontei Aellen
Circaea x intermedia Ehrh.;NA;Circaea × intermedia Ehrh.
Circaea x intermedia Ehrh.;Circaea intermedia Ehrh.;Circaea × intermedia Ehrh.
Colutea x media Willd.;Colutea arborescens;Colutea × media Willd.
Colutea x media Willd.;Colutea orientalis;Colutea × media Willd.
Conyza canadensis x bonariensis;Conyza canadensis;Conyza canadensis × bonariensis
Conyza canadensis x bonariensis;Conyza bonariensis;Conyza canadensis × bonariensis
Corylus avellana x maxima;Corylus avellana;Corylus avellana × maxima
Corylus avellana x maxima;Corylus maxima;Corylus avellana × maxima
Cotoneaster x suecicus G. Klotz;Cotoneaster dammeri;Cotoneaster × suecicus G. Klotz
Cotoneaster x suecicus G. Klotz;Cotoneaster conspicuus;Cotoneaster × suecicus G. Klotz
Cotoneaster x watereri Exell;NA;Cotoneaster × watereri Exell
Cotoneaster x watereri Exell;Cotoneaster watereri Exell;Cotoneaster × watereri Exell
Cotoneaster x watereri Exell;Cotoneaster frigidus;Cotoneaster × watereri Exell
Cotoneaster x watereri Exell;Cotoneaster salicifolius;Cotoneaster × watereri Exell
Crataegus monogyna x heterophylla;Crataegus monogyna;Crataegus monogyna × heterophylla
Crataegus monogyna x heterophylla;Crataegus heterophylla;Crataegus monogyna × heterophylla
Crocosmia x crocosmiiflora (Lemoine) N.E. Br.;Crocosmia potsii;Crocosmia × crocosmiiflora (Lemoine) N.E. Br.
Crocosmia x crocosmiiflora (Lemoine) N.E. Br.;Crocosmia aurea;Crocosmia × crocosmiiflora (Lemoine) N.E. Br.
Crocus chrysanthus x biflorus;Crocus chrysanthus;Crocus chrysanthus × biflorus
Crocus chrysanthus x biflorus;Crocus biflorus;Crocus chrysanthus × biflorus
Crocus vernus x tommasinianus;Crocus vernus;Crocus vernus × tommasinianus
Crocus vernus x tommasinianus;Crocus tommasinianus;Crocus vernus × tommasinianus
Crocus x stellaris Haw.;Crocus angustifolius;Crocus × stellaris Haw.
Crocus x stellaris Haw.;Crocus flavus;Crocus × stellaris Haw.
Dianthus caryophyllus x gratianopolitanus x plumarius;Dianthus caryophyllus;Dianthus caryophyllus × gratianopolitanus × plumarius
Dianthus caryophyllus x gratianopolitanus x plumarius;Dianthus gratianopolitanus;Dianthus caryophyllus × gratianopolitanus × plumarius
Dianthus caryophyllus x gratianopolitanus x plumarius;Dianthus plumarius;Dianthus caryophyllus × gratianopolitanus × plumarius
Dianthus caryophyllus x plumarius;Dianthus caryophyllus;Dianthus caryophyllus × plumarius
Dianthus caryophyllus x plumarius;Dianthus plumarius;Dianthus caryophyllus × plumarius
Dianthus gratianopolitanus x caryophyllus;Dianthus gratianopolitanus;Dianthus gratianopolitanus × caryophyllus
Dianthus gratianopolitanus x caryophyllus;Dianthus caryophyllus;Dianthus gratianopolitanus × caryophyllus
Dianthus gratianopolitanus x plumarius;Dianthus gratianopolitanus;Dianthus gratianopolitanus × plumarius
Dianthus gratianopolitanus x plumarius;Dianthus plumarius;Dianthus gratianopolitanus × plumarius
Dipsacus fullonum x sativus;Dipsacus fullonum;Dipsacus fullonum × sativus
Dipsacus fullonum x sativus;Dipsacus sativus;Dipsacus fullonum × sativus
Dipsacus x pseudosilvester Schur;Dipsacus fullonum;Dipsacus × pseudosilvester Schur
Dipsacus x pseudosilvester Schur;Dipsacus laciniatus;Dipsacus × pseudosilvester Schur
Doronicum x excelsum (N.E. Br.) Stace;Doronicum pardalianches;Doronicum × excelsum (N.E. Br.) Stace
Doronicum x excelsum (N.E. Br.) Stace;Doronicum plantagineum;Doronicum × excelsum (N.E. Br.) Stace
Doronicum x excelsum (N.E. Br.) Stace;Doronicum columnae;Doronicum × excelsum (N.E. Br.) Stace
Doronicum x willdenowii (Rouy) A.W. Hill;Doronicum pardalianches;Doronicum × willdenowii (Rouy) A.W. Hill
Doronicum x willdenowii (Rouy) A.W. Hill;Doronicum plantagineum;Doronicum × willdenowii (Rouy) A.W. Hill
Epilobium ciliatum x lanceolatum;Epilobium ciliatum;Epilobium ciliatum × lanceolatum
Epilobium ciliatum x lanceolatum;Epilobium lanceolatum;Epilobium ciliatum × lanceolatum
Epilobium x brunnatum Kitchener & McKean;Epilobium ciliatum;Epilobium × brunnatum Kitchener & McKean
Epilobium x brunnatum Kitchener & McKean;Epilobium brunnescens;Epilobium × brunnatum Kitchener & McKean
Epilobium x chateri Kitchener & McKean;Epilobium palustre;Epilobium × chateri Kitchener & McKean
Epilobium x chateri Kitchener & McKean;Epilobium brunnescens;Epilobium × chateri Kitchener & McKean
Epilobium x confusilobum Kitchener & McKean;Epilobium montanum;Epilobium × confusilobum Kitchener & McKean
Epilobium x confusilobum Kitchener & McKean;Epilobium brunnescens;Epilobium × confusilobum Kitchener & McKean
Epilobium x floridulum Smejkal;Epilobium parviflorum;Epilobium × floridulum Smejkal
Epilobium x floridulum Smejkal;Epilobium ciliatum;Epilobium × floridulum Smejkal
Epilobium x fossicola Smejkal;Epilobium ciliatum;Epilobium × fossicola Smejkal
Epilobium x fossicola Smejkal;Epilobium palustre;Epilobium × fossicola Smejkal
Epilobium x interjectum Smejkal;Epilobium montanum;Epilobium × interjectum Smejkal
Epilobium x interjectum Smejkal;Epilobium ciliatum;Epilobium × interjectum Smejkal
Epilobium x mentiens Smejkal;Epilobium tetragonum;Epilobium × mentiens Smejkal
Epilobium x mentiens Smejkal;Epilobium ciliatum;Epilobium × mentiens Smejkal
Epilobium x novae-civitatis Smejkal;Epilobium hirsutum;Epilobium × novae-civitatis Smejkal
Epilobium x novae-civitatis Smejkal;Epilobium ciliatum;Epilobium × novae-civitatis Smejkal
Epilobium x nutantiflorum Smejkal;Epilobium roseum;Epilobium × nutantiflorum Smejkal
Epilobium x nutantiflorum Smejkal;Epilobium ciliatum;Epilobium × nutantiflorum Smejkal
Epilobium x obscurescens Kitchener & McKean;Epilobium obscurum;Epilobium × obscurescens Kitchener & McKean
Epilobium x obscurescens Kitchener & McKean;Epilobium brunnescens;Epilobium × obscurescens Kitchener & McKean
Epilobium x vicinum;Epilobium obscurum;Epilobium × vicinum
Epilobium x vicinum;Epilobium ciliatum;Epilobium × vicinum
Erica x darleyensis Bean;Erica erigena;Erica × darleyensis Bean
Erica x darleyensis Bean;Erica carnea;Erica × darleyensis Bean
Erysimum x marshallii (Henfr.) Bois;Erysimum decumbens;Erysimum × marshallii (Henfr.) Bois
Erysimum x marshallii (Henfr.) Bois;Erysimum perofskianum;Erysimum × marshallii (Henfr.) Bois
Euphorbia x gayeri Boros & Soó;Euphorbia cyparissias;Euphorbia × gayeri Boros & Soó
Euphorbia x gayeri Boros & Soó;Euphorbia waldsteinii;Euphorbia × gayeri Boros & Soó
Euphorbia x pseudoesula Schur;Euphorbia esula;Euphorbia × pseudoesula Schur
Euphorbia x pseudoesula Schur;Euphorbia cyparissias;Euphorbia × pseudoesula Schur
Euphorbia x pseudovirgata (Schur) Soó;Euphorbia esula;Euphorbia × pseudovirgata (Schur) Soó
Euphorbia x pseudovirgata (Schur) Soó;Euphorbia waldsteinii;Euphorbia × pseudovirgata (Schur) Soó
Fallopia x bohemica (Chrtek & Chrtková) J.P. Bailey;Fallopia japonica;Fallopia × bohemica (Chrtek & Chrtková) J.P. Bailey
Fallopia x bohemica (Chrtek & Chrtková) J.P. Bailey;Fallopia sachalinensis;Fallopia × bohemica (Chrtek & Chrtková) J.P. Bailey
Fallopia x conollyana J.P. Bailey;Fallopia japonica;Fallopia × conollyana J.P. Bailey
Fallopia x conollyana J.P. Bailey;Fallopia baldschuanica;Fallopia × conollyana J.P. Bailey
Festuca arundinacea x Lolium multiflorum;Festuca arundinacea;Festuca arundinacea × Lolium multiflorum
Festuca arundinacea x Lolium multiflorum;Lolium multiflorum;Festuca arundinacea × Lolium multiflorum
Festuca rubra x Vulpia myuros;Festuca rubra;Festuca rubra × Vulpia myuros
Festuca rubra x Vulpia myuros;Vulpia myuros;Festuca rubra × Vulpia myuros
Forsythia x intermedia hort. ex Zabel;Forsythia suspensa;Forsythia × intermedia hort. ex Zabel
Forsythia x intermedia hort. ex Zabel;Forsythia viridissima;Forsythia × intermedia hort. ex Zabel
Freesia x hybrida L.H. Bailey;NA;Freesia × hybrida L.H. Bailey
Freesia x hybrida L.H. Bailey;Freesia hybrida L.H. Bailey;Freesia × hybrida L.H. Bailey
Fumaria officinalis x densiflora;Fumaria officinalis;Fumaria officinalis × densiflora
Fumaria officinalis x densiflora;Fumaria densiflora;Fumaria officinalis × densiflora
Fumaria officinalis x parviflora;Fumaria officinalis;Fumaria officinalis × parviflora
Fumaria officinalis x parviflora;Fumaria parviflora;Fumaria officinalis × parviflora
Fumaria x painteri Pugsley;Fumaria muralis;Fumaria × painteri Pugsley
Fumaria x painteri Pugsley;Fumaria officinalis;Fumaria × painteri Pugsley
Gaillardia x grandiflora hort. ex Van Houtte;Gaillardia aristata;Gaillardia × grandiflora hort. ex Van Houtte
Gaillardia x grandiflora hort. ex Van Houtte;Gaillardia pulchella;Gaillardia × grandiflora hort. ex Van Houtte
Galanthus elwesii x plicatus;Galanthus elwesii;Galanthus elwesii × plicatus
Galanthus elwesii x plicatus;Galanthus plicatus;Galanthus elwesii × plicatus
Galanthus nivalis x elwesii;Galanthus nivalis;Galanthus nivalis × elwesii
Galanthus nivalis x elwesii;Galanthus elwesii;Galanthus nivalis × elwesii
Galanthus nivalis x plicatus;Galanthus nivalis;Galanthus nivalis × plicatus
Galanthus nivalis x plicatus;Galanthus plicatus;Galanthus nivalis × plicatus
Galium x pomeranicum Retz.;Galium verum;Galium × pomeranicum Retz.
Galium x pomeranicum Retz.;Galium mollugo;Galium × pomeranicum Retz.
Gaultheria x wisleyensis D.J. Middleton;Gaultheria shallon;Gaultheria × wisleyensis D.J. Middleton
Gaultheria x wisleyensis D.J. Middleton;Gaultheria mucronata;Gaultheria × wisleyensis D.J. Middleton
Geranium x magnificum Hyl.;Geranium ibericum;Geranium × magnificum Hyl.
Geranium x magnificum Hyl.;Geranium platypetalum;Geranium × magnificum Hyl.
Geranium x monacense Harz;Geranium phaeum;Geranium × monacense Harz
Geranium x monacense Harz;Geranium reflexum;Geranium × monacense Harz
Geranium x oxonianum Yeo;Geranium endressii;Geranium × oxonianum Yeo
Geranium x oxonianum Yeo;Geranium versicolor;Geranium × oxonianum Yeo
Glyceria x pedicellata F. Towns.;Glyceria fluitans;Glyceria × pedicellata F. Towns.
Glyceria x pedicellata F. Towns.;Glyceria notata;Glyceria × pedicellata F. Towns.
Hebe x franciscana (Eastw.) Souster;NA;Hebe × franciscana (Eastw.) Souster
Hebe x franciscana (Eastw.) Souster;Hebe franciscana (Eastw.) Souster;Hebe × franciscana (Eastw.) Souster
Hebe x franciscana (Eastw.) Souster;Hebe elliptica;Hebe × franciscana (Eastw.) Souster
Hebe x franciscana (Eastw.) Souster;Hebe speciosa;Hebe × franciscana (Eastw.) Souster
Hebe x lewisii (J.B. Armstr.) A. Wall;Hebe salicifolia;Hebe × lewisii (J.B. Armstr.) A. Wall
Hebe x lewisii (J.B. Armstr.) A. Wall;Hebe elliptica;Hebe × lewisii (J.B. Armstr.) A. Wall
Helianthus rigidus x tuberosus;Helianthus rigidus;Helianthus rigidus × tuberosus
Helianthus rigidus x tuberosus;Helianthus tuberosus;Helianthus rigidus × tuberosus
Helianthus x multiflorus L.;Helianthus annuus;Helianthus × multiflorus L.
Helianthus x multiflorus L.;Helianthus decapetalus;Helianthus × multiflorus L.
Heracleum sphondylium x mantegazzianum;Heracleum sphondylium;Heracleum sphondylium × mantegazzianum
Heracleum sphondylium x mantegazzianum;Heracleum mantegazzianum;Heracleum sphondylium × mantegazzianum
Hyacinthoides x massartiana Geerinck;Hyacinthoides non-scripta;Hyacinthoides × massartiana Geerinck
Hyacinthoides x massartiana Geerinck;Hyacinthoides hispanica;Hyacinthoides × massartiana Geerinck
Hypericum x inodorum Mill.;Hypericum androsaemum;Hypericum × inodorum Mill.
Hypericum x inodorum Mill.;Hypericum hircinum;Hypericum × inodorum Mill.
Ilex x altaclerensis (hort. ex Loudon) Dallim.;Ilex aquifolium;Ilex × altaclerensis (hort. ex Loudon) Dallim.
Ilex x altaclerensis (hort. ex Loudon) Dallim.;Ilex perado;Ilex × altaclerensis (hort. ex Loudon) Dallim.
Iris x hollandica hort. nom. nud.;Iris filifolia;Iris × hollandica hort. nom. nud.
Iris x hollandica hort. nom. nud.;Iris tingitana;Iris × hollandica hort. nom. nud.
Iris x robusta E.S. Anderson;Iris versicolor;Iris × robusta E.S. Anderson
Iris x robusta E.S. Anderson;Iris virginica;Iris × robusta E.S. Anderson
Juncus inflexus x pallidus;Juncus inflexus;Juncus inflexus × pallidus
Juncus inflexus x pallidus;Juncus pallidus;Juncus inflexus × pallidus
Laburnum x watereri (Wettst.) Dippel;Laburnum anagyroides;Laburnum × watereri (Wettst.) Dippel
Laburnum x watereri (Wettst.) Dippel;Laburnum alpinum;Laburnum × watereri (Wettst.) Dippel
Larix x marschlinsii Coaz;Larix decidua;Larix × marschlinsii Coaz
Larix x marschlinsii Coaz;Larix kaempferi;Larix × marschlinsii Coaz
Lavandula x intermedia Loisel.;Lavandula angustifolia;Lavandula × intermedia Loisel.
Lavandula x intermedia Loisel.;Lavandula latifolia;Lavandula × intermedia Loisel.
Leucanthemum x superbum;Leucanthemum lacustre;Leucanthemum × superbum
Leucanthemum x superbum;Leucanthemum maximum;Leucanthemum × superbum
Linaria x cornubiensis Druce;Linaria repens;Linaria × cornubiensis Druce
Linaria x cornubiensis Druce;Linaria supina;Linaria × cornubiensis Druce
Linaria x dominii Druce;Linaria purpurea;Linaria × dominii Druce
Linaria x dominii Druce;Linaria repens;Linaria × dominii Druce
Linaria x sepium J.G. Allman;Linaria vulgaris;Linaria × sepium J.G. Allman
Linaria x sepium J.G. Allman;Linaria repens;Linaria × sepium J.G. Allman
Lolium x boucheanum Kunth;Lolium perenne;Lolium × boucheanum Kunth
Lolium x boucheanum Kunth;Lolium multiflorum;Lolium × boucheanum Kunth
Lonicera x italica Schmidt ex Tausch;Lonicera caprifolium;Lonicera × italica Schmidt ex Tausch
Lonicera x italica Schmidt ex Tausch;Lonicera etrusca;Lonicera × italica Schmidt ex Tausch
Lupinus arboreus x nootkatensis x polyphyllus;Lupinus arboreus;Lupinus arboreus × nootkatensis × polyphyllus
Lupinus arboreus x nootkatensis x polyphyllus;Lupinus nootkatensis;Lupinus arboreus × nootkatensis × polyphyllus
Lupinus arboreus x nootkatensis x polyphyllus;Lupinus polyphyllus;Lupinus arboreus × nootkatensis × polyphyllus
Lupinus x pseudopolyphyllus C.P. Sm.;Lupinus polyphyllus;Lupinus × pseudopolyphyllus C.P. Sm.
Lupinus x pseudopolyphyllus C.P. Sm.;Lupinus nootkatensis;Lupinus × pseudopolyphyllus C.P. Sm.
Lupinus x regalis Bergmans;Lupinus arboreus;Lupinus × regalis Bergmans
Lupinus x regalis Bergmans;Lupinus polyphyllus;Lupinus × regalis Bergmans
Macleaya x kewensis Turrill;Macleaya cordata;Macleaya × kewensis Turrill
Macleaya x kewensis Turrill;Macleaya microcarpa;Macleaya × kewensis Turrill
Mahonia x decumbens Stace;Mahonia aquifolium;Mahonia × decumbens Stace
Mahonia x decumbens Stace;Mahonia repens;Mahonia × decumbens Stace
Malus x purpurea (E. Barbier) Rehder;Malus atrosanguinea;Malus × purpurea (E. Barbier) Rehder
Malus x purpurea (E. Barbier) Rehder;Malus niedzwetskyana;Malus × purpurea (E. Barbier) Rehder
Mentha x gracilis Sole;Mentha arvensis;Mentha × gracilis Sole
Mentha x gracilis Sole;Mentha spicata;Mentha × gracilis Sole
Mentha x piperita L.;Mentha aquatica;Mentha × piperita L.
Mentha x piperita L.;Mentha spicata;Mentha × piperita L.
Mentha x rotundifolia (L.) Huds.;Mentha suaveolens;Mentha × rotundifolia (L.) Huds.
Mentha x rotundifolia (L.) Huds.;Mentha longifolia;Mentha × rotundifolia (L.) Huds.
Mentha x smithiana R.A. Graham;Mentha arvensis;Mentha × smithiana R.A. Graham
Mentha x smithiana R.A. Graham;Mentha aquatica;Mentha × smithiana R.A. Graham
Mentha x smithiana R.A. Graham;Mentha spicata;Mentha × smithiana R.A. Graham
Mentha x verticillata L.;Mentha arvensis;Mentha × verticillata L.
Mentha x verticillata L.;Mentha aquatica;Mentha × verticillata L.
Mentha x villosa Huds.;NA;Mentha × villosa Huds.
Mentha x villosa Huds.;Mentha villosa Huds.;Mentha × villosa Huds.
Mentha x villosa Huds;Mentha spicata;Mentha × villosa Huds
Mentha x villosa Huds;NA;Mentha × villosa Huds
Mentha x villosonervata Opiz;Mentha spicata;Mentha × villosonervata Opiz
Mentha x villosonervata Opiz;Mentha longifolia;Mentha × villosonervata Opiz
Mimulus guttatus x luteus x cupreus;Mimulus guttatus;Mimulus guttatus × luteus × cupreus
Mimulus guttatus x luteus x cupreus;Mimulus luteus;Mimulus guttatus × luteus × cupreus
Mimulus guttatus x luteus x cupreus;Mimulus cupreus;Mimulus guttatus × luteus × cupreus
Mimulus x burnetii S. Arn.;Mimulus guttatus;Mimulus × burnetii S. Arn.
Mimulus x burnetii S. Arn.;Mimulus cupreus;Mimulus × burnetii S. Arn.
Mimulus x maculosus T. Moore;Mimulus luteus;Mimulus × maculosus T. Moore
Mimulus x maculosus T. Moore;Mimulus cupreus;Mimulus × maculosus T. Moore
Mimulus x robertsii Silverside;Mimulus guttatus;Mimulus × robertsii Silverside
Mimulus x robertsii Silverside;Mimulus luteus;Mimulus × robertsii Silverside
Narcissus x incomparabilis Mill.;Narcissus poeticus;Narcissus × incomparabilis Mill.
Narcissus x incomparabilis Mill.;Narcissus pseudonarcissus;Narcissus × incomparabilis Mill.
Narcissus x medioluteus Mill.;Narcissus tazetta;Narcissus × medioluteus Mill.
Narcissus x medioluteus Mill.;Narcissus poeticus;Narcissus × medioluteus Mill.
Narcissus x monochromus P.D. Sell;Narcissus pseudonarcissus;Narcissus × monochromus P.D. Sell
Narcissus x monochromus P.D. Sell;Narcissus cyclamineus;Narcissus × monochromus P.D. Sell
Narcissus x odorus L.;Narcissus pseudonarcissus;Narcissus × odorus L.
Narcissus x odorus L.;Narcissus jonquilla;Narcissus × odorus L.
Nepeta x faassenii Bergmans ex Stearn;Nepeta nepetella;Nepeta × faassenii Bergmans ex Stearn
Nepeta x faassenii Bergmans ex Stearn;Nepeta racemosa;Nepeta × faassenii Bergmans ex Stearn
Nicotiana x sanderae W. Watson;Nicotiana alata;Nicotiana × sanderae W. Watson
Nicotiana x sanderae W. Watson;Nicotiana forgetiana;Nicotiana × sanderae W. Watson
Nothofagus nervosa x obliqua;Nothofagus nervosa;Nothofagus nervosa × obliqua
Nothofagus nervosa x obliqua;Nothofagus obliqua;Nothofagus nervosa × obliqua
Oenothera biennis x cambrica;Oenothera biennis;Oenothera biennis × cambrica
Oenothera biennis x cambrica;Oenothera cambrica;Oenothera biennis × cambrica
Oenothera x britannica Rostanski;Oenothera glazioviana;Oenothera × britannica Rostanski
Oenothera x britannica Rostanski;Oenothera cambrica;Oenothera × britannica Rostanski
Oenothera x fallax Renner;Oenothera glazioviana;Oenothera × fallax Renner
Oenothera x fallax Renner;Oenothera biennis;Oenothera × fallax Renner
Olearia x haastii Hook. f.;Olearia avicenniifolia;Olearia × haastii Hook. f.
Olearia x haastii Hook. f.;Olearia moschata;Olearia × haastii Hook. f.
Papaver x hungaricum Borbás;Papaver rhoeas;Papaver × hungaricum Borbás
Papaver x hungaricum Borbás;Papaver dubium;Papaver × hungaricum Borbás
Petunia x hybrida (Hook.) Vilm.;Petunia axillaris;Petunia × hybrida (Hook.) Vilm.
Petunia x hybrida (Hook.) Vilm.;Petunia integrifolia;Petunia × hybrida (Hook.) Vilm.
Philadelphus x virginalis Rehder;Philadelphus coronarius;Philadelphus × virginalis Rehder
Philadelphus x virginalis Rehder;Philadelphus microphyllus;Philadelphus × virginalis Rehder
Philadelphus x virginalis Rehder;Philadelphus pubescens;Philadelphus × virginalis Rehder
Pilosella x floribunda (Wimm. & Grab.) Arv.-Touv.;Pilosella caespitosa;Pilosella × floribunda (Wimm. & Grab.) Arv.-Touv.
Pilosella x floribunda (Wimm. & Grab.) Arv.-Touv.;Pilosella lactucella;Pilosella × floribunda (Wimm. & Grab.) Arv.-Touv.
Pilosella x stoloniflora (Waldst. & Kit.) F.W. Schultz & Sch. Bip.;Pilosella officinarum;Pilosella × stoloniflora (Waldst. & Kit.) F.W. Schultz & Sch. Bip.
Pilosella x stoloniflora (Waldst. & Kit.) F.W. Schultz & Sch. Bip.;Pilosella aurantiaca;Pilosella × stoloniflora (Waldst. & Kit.) F.W. Schultz & Sch. Bip.
Platanus x hispanica Mill. ex Münchh.;Platanus occidentalis;Platanus × hispanica Mill. ex Münchh.
Platanus x hispanica Mill. ex Münchh.;Platanus orientalis;Platanus × hispanica Mill. ex Münchh.
Poa x jemtlandica (Almq.) K. Richt.;Poa flexuosa;Poa × jemtlandica (Almq.) K. Richt.
Poa x jemtlandica (Almq.) K. Richt.;Poa alpina;Poa × jemtlandica (Almq.) K. Richt.
Polygonatum x hybridum Brügger;Polygonatum multiflorum;Polygonatum × hybridum Brügger
Polygonatum x hybridum Brügger;Polygonatum odoratum;Polygonatum × hybridum Brügger
Populus x canescens (Aiton) Sm.;NA;Populus × canescens (Aiton) Sm.
Populus x canescens (Aiton) Sm.;Populus tremula;Populus × canescens (Aiton) Sm.
Populus x berolinensis (K. Koch) Dippel;Populus nigra;Populus × berolinensis (K. Koch) Dippel
Populus x berolinensis (K. Koch) Dippel;Populus laurifolia;Populus × berolinensis (K. Koch) Dippel
Populus x canadensis Moench;Populus nigra;Populus × canadensis Moench
Populus x canadensis Moench;Populus deltoides;Populus × canadensis Moench
Populus x generosa A. Henry;Populus trichocarpa;Populus × generosa A. Henry
Populus x generosa A. Henry;Populus deltoides;Populus × generosa A. Henry
Populus x jackii Sarg.;Populus balsamifera;Populus × jackii Sarg.
Populus x jackii Sarg.;Populus deltoides;Populus × jackii Sarg.
Populus x jackii x P. nigra;NA;Populus × jackii × P. nigra
Populus x jackii x P. nigra;Populus jackii;Populus × jackii × P. nigra
Populus x jackii x P. nigra;Populus nigra;Populus × jackii × P. nigra
Prunella x intermedia Link;Prunella vulgaris;Prunella × intermedia Link
Prunella x intermedia Link;Prunella laciniata;Prunella × intermedia Link
Prunus x fruticans Weihe;Prunus spinosa;Prunus × fruticans Weihe
Prunus x fruticans Weihe;Prunus domestica;Prunus × fruticans Weihe
Qercus x crenata Lam.;Quercus cerris;Qercus × crenata Lam.
Qercus x crenata Lam.;Qercus suber;Qercus × crenata Lam.
Quercus cerris x robur;Quercus cerris;Quercus cerris × robur
Quercus cerris x robur;Quercus robur;Quercus cerris × robur
Raphanus x micranthus (Uechtr.) O.E. Schulz;Raphanus raphanistrum;Raphanus × micranthus (Uechtr.) O.E. Schulz
Raphanus x micranthus (Uechtr.) O.E. Schulz;Raphanus sativus;Raphanus × micranthus (Uechtr.) O.E. Schulz
Rheum x hybridum Murray;Rheum palmatum;Rheum × hybridum Murray
Rheum x hybridum Murray;Rheum rhaponticum;Rheum × hybridum Murray
Rorippa x armoracioides (Tausch) Fuss;Rorippa sylvestris;Rorippa × armoracioides (Tausch) Fuss
Rorippa x armoracioides (Tausch) Fuss;Rorippa austriaca;Rorippa × armoracioides (Tausch) Fuss
Rorippa x hungarica Borbás;Rorippa amphibia;Rorippa × hungarica Borbás
Rorippa x hungarica Borbás;Rorippa austriaca;Rorippa × hungarica Borbás
Rosa x alba L.;Rosa arvensis;Rosa × alba L.
Rosa x alba L.;Rosa gallica;Rosa × alba L.
Rosa x paulii Rehder;Rosa arvensis;Rosa × paulii Rehder
Rosa x paulii Rehder;Rosa rugosa;Rosa × paulii Rehder
Rosa x praegeri Wolley-Dod;Rosa rugosa;Rosa × praegeri Wolley-Dod
Rosa x praegeri Wolley-Dod;Rosa canina;Rosa × praegeri Wolley-Dod
Rubus x fraseri Rehder;Rubus odoratus;Rubus × fraseri Rehder
Rubus x fraseri Rehder;Rubus parviflorus;Rubus × fraseri Rehder
Rubus x paxii Focke;Rubus idaeus;Rubus × paxii Focke
Rubus x paxii Focke;Rubus phoenicolasius;Rubus × paxii Focke
Rumex cristatus x conglomeratus;Rumex cristatus;Rumex cristatus × conglomeratus
Rumex cristatus x conglomeratus;Rumex conglomeratus;Rumex cristatus × conglomeratus
Rumex patientia x conglomeratus;Rumex patientia;Rumex patientia × conglomeratus
Rumex patientia x conglomeratus;Rumex conglomeratus;Rumex patientia × conglomeratus
Rumex x akeroydii Rumsey;Rumex cristatus;Rumex × akeroydii Rumsey
Rumex x akeroydii Rumsey;Rumex palustris;Rumex × akeroydii Rumsey
Rumex x borbasii Blocki;Rumex confertus;Rumex × borbasii Blocki
Rumex x borbasii Blocki;Rumex obtusifolius;Rumex × borbasii Blocki
Rumex x confusus Simonk;Rumex patientia;Rumex × confusus Simonk
Rumex x confusus Simonk;Rumex crispus;Rumex × confusus Simonk
Rumex x cornubiensis Holyoak;Rumex frutescens;Rumex × cornubiensis Holyoak
Rumex x cornubiensis Holyoak;Rumex obtusifolius;Rumex × cornubiensis Holyoak
Rumex x dimidiatus Hausskn.;Rumex cristatus;Rumex × dimidiatus Hausskn.
Rumex x dimidiatus Hausskn.;Rumex crispus;Rumex × dimidiatus Hausskn.
Rumex x erubescens Simonk.;Rumex patientia;Rumex × erubescens Simonk.
Rumex x erubescens Simonk.;Rumex obtusifolius;Rumex × erubescens Simonk.
Rumex x lousleyi D.H. Kent;Rumex cristatus;Rumex × lousleyi D.H. Kent
Rumex x lousleyi D.H. Kent;Rumex obtusifolius;Rumex × lousleyi D.H. Kent
Rumex x skofitzii Blocki;Rumex confertus;Rumex × skofitzii Blocki
Rumex x skofitzii Blocki;Rumex crispus;Rumex × skofitzii Blocki
Sagina x normaniana Lagerh.;Sagina saginoides;Sagina × normaniana Lagerh.
Sagina x normaniana Lagerh.;Sagina procumbens;Sagina × normaniana Lagerh.
Salix x alopecuroides Tausch ex Opiz;Salix fragilis;Salix × alopecuroides Tausch ex Opiz
Salix x alopecuroides Tausch ex Opiz;Salix triandra;Salix × alopecuroides Tausch ex Opiz
Salix x angusensis Rech. f.;Salix viminalis;Salix × angusensis Rech. f.
Salix x angusensis Rech. f.;Salix cinerea;Salix × angusensis Rech. f.
Salix x angusensis Rech. f.;Salix repens;Salix × angusensis Rech. f.
Salix x calodendron Wimm;Salix viminalis;Salix × calodendron Wimm
Salix x calodendron Wimm;Salix caprea;Salix × calodendron Wimm
Salix x calodendron Wimm;Salix cinerea;Salix × calodendron Wimm
Salix x ehrhartiana Sm.;Salix pentandra;Salix × ehrhartiana Sm.
Salix x ehrhartiana Sm.;Salix alba;Salix × ehrhartiana Sm.
Salix x forbyana Sm.;Salix purpurea;Salix × forbyana Sm.
Salix x forbyana Sm.;Salix viminalis;Salix × forbyana Sm.
Salix x forbyana Sm.;Salix cinerea;Salix × forbyana Sm.
Salix x friesiana Andersson;Salix viminalis;Salix × friesiana Andersson
Salix x friesiana Andersson;Salix repens;Salix × friesiana Andersson
Salix x fruticosa Döll;Salix viminalis;Salix × fruticosa Döll
Salix x fruticosa Döll;Salix aurita;Salix × fruticosa Döll
Salix x hirtii Strähler;Salix viminalis;Salix × hirtii Strähler
Salix x hirtii Strähler;Salix cinerea;Salix × hirtii Strähler
Salix x hirtii Strähler;Salix aurita;Salix × hirtii Strähler
Salix x holosericea Willd.;Salix viminalis;Salix × holosericea Willd.
Salix x holosericea Willd.;Salix cinerea;Salix × holosericea Willd.
Salix x meyeriana Rostk. ex Willd.;Salix pentandra;Salix × meyeriana Rostk. ex Willd.
Salix x meyeriana Rostk. ex Willd.;Salix fragilis;Salix × meyeriana Rostk. ex Willd.
Salix x mollissima Hoffm. ex Elwert;Salix triandra;Salix × mollissima Hoffm. ex Elwert
Salix x mollissima Hoffm. ex Elwert;Salix viminalis;Salix × mollissima Hoffm. ex Elwert
Salix x pendulina Wender;Salix fragilis;Salix × pendulina Wender
Salix x pendulina Wender;Salix babylonica;Salix × pendulina Wender
Salix x rubens Schrank;Salix fragilis;Salix × rubens Schrank
Salix x rubens Schrank;Salix alba;Salix × rubens Schrank
Salix x rubra Huds.;Salix purpurea;Salix × rubra Huds.
Salix x rubra Huds.;Salix viminalis;Salix × rubra Huds.
Salix x seminigricans E.G. Camus & A. Camus;Salix viminalis;Salix × seminigricans E.G. Camus & A. Camus
Salix x seminigricans E.G. Camus & A. Camus;Salix myrsinifolia;Salix × seminigricans E.G. Camus & A. Camus
Salix x sepulcralis Simonk.;Salix alba;Salix × sepulcralis Simonk.
Salix x sepulcralis Simonk.;Salix babylonica;Salix × sepulcralis Simonk.
Salix x smithiana Willd.;Salix viminalis;Salix × smithiana Willd.
Salix x smithiana Willd.;Salix caprea;Salix × smithiana Willd.
Salix x stipularis Sm.;Salix viminalis;Salix × stipularis Sm.
Salix x stipularis Sm.;Salix caprea;Salix × stipularis Sm.
Salix x stipularis Sm.;Salix aurita;Salix × stipularis Sm.
Salix x taylorii Rech. f.;Salix purpurea;Salix × taylorii Rech. f.
Salix x taylorii Rech. f.;Salix viminalis;Salix × taylorii Rech. f.
Salix x taylorii Rech. f.;Salix caprea;Salix × taylorii Rech. f.
Salix x taylorii Rech. f.;Salix cinerea;Salix × taylorii Rech. f.
Saxifraga x geum L.;Saxifraga umbrosa;Saxifraga × geum L.
Saxifraga x geum L.;Saxifraga hirsuta;Saxifraga × geum L.
Saxifraga x polita (Haw.) Link;Saxifraga spathularis;Saxifraga × polita (Haw.) Link
Saxifraga x polita (Haw.) Link;Saxifraga hirsuta;Saxifraga × polita (Haw.) Link
Saxifraga x urbium D.A. Webb;Saxifraga umbrosa;Saxifraga × urbium D.A. Webb
Saxifraga x urbium D.A. Webb;Saxifraga spathularis;Saxifraga × urbium D.A. Webb
Senecio x albescens Burb. & Colgan;Senecio cineraria;Senecio × albescens Burb. & Colgan
Senecio x albescens Burb. & Colgan;Senecio jacobaea;Senecio × albescens Burb. & Colgan
Senecio x baxteri Druce;Senecio squalidus;Senecio × baxteri Druce
Senecio x baxteri Druce;Senecio vulgaris;Senecio × baxteri Druce
Senecio x helwingii Beger ex Hegi;Senecio vulgaris;Senecio × helwingii Beger ex Hegi
Senecio x helwingii Beger ex Hegi;Senecio vernalis;Senecio × helwingii Beger ex Hegi
Senecio x subnebrodensis Simonk.;Senecio squalidus;Senecio × subnebrodensis Simonk.
Senecio x subnebrodensis Simonk.;Senecio viscosus;Senecio × subnebrodensis Simonk.
Senecio x thuretii Briq. & Cavill.;Senecio cineraria;Senecio × thuretii Briq. & Cavill.
Senecio x thuretii Briq. & Cavill.;Senecio erucifolius;Senecio × thuretii Briq. & Cavill.
Senecio x viscidulus Scheele;Senecio sylvaticus;Senecio × viscidulus Scheele
Senecio x viscidulus Scheele;Senecio viscosus;Senecio × viscidulus Scheele
Silene x hampeana Meusel & K. Werner;Silene latifolia;Silene × hampeana Meusel & K. Werner
Silene x hampeana Meusel & K. Werner;Silene dioica;Silene × hampeana Meusel & K. Werner
Solanum x procurrens A.C. Leslie;Solanum nigrum;Solanum × procurrens A.C. Leslie
Solanum x procurrens A.C. Leslie;Solanum physalifolium;Solanum × procurrens A.C. Leslie
Solidago x niederederi Khek;Solidago virgaurea;Solidago × niederederi Khek
Solidago x niederederi Khek;Solidago canadensis;Solidago × niederederi Khek
Sorbus aucuparia x intermedia;Sorbus aucuparia;Sorbus aucuparia × intermedia
Sorbus aucuparia x intermedia;Sorbus intermedia;Sorbus aucuparia × intermedia
Spartina x townsendii H. Groves & J. Groves;Spartina maritima;Spartina × townsendii H. Groves & J. Groves
Spartina x townsendii H. Groves & J. Groves;Spartina alterniflora;Spartina × townsendii H. Groves & J. Groves
Spiraea x arguta Zabel;Spiraea multiflora;Spiraea × arguta Zabel
Spiraea x arguta Zabel;Spiraea thunbergii;Spiraea × arguta Zabel
Spiraea x billardii Hérincq;Spiraea alba;Spiraea × billardii Hérincq
Spiraea x billardii Hérincq;Spiraea douglasii;Spiraea × billardii Hérincq
Spiraea x brachybotrys Lange;Spiraea douglasii;Spiraea × brachybotrys Lange
Spiraea x brachybotrys Lange;Spiraea canescens;Spiraea × brachybotrys Lange
Spiraea x pseudosalicifolia Silverside;Spiraea salicifolia;Spiraea × pseudosalicifolia Silverside
Spiraea x pseudosalicifolia Silverside;Spiraea douglasii;Spiraea × pseudosalicifolia Silverside
Spiraea x rosalba Dippel;Spiraea salicifolia;Spiraea × rosalba Dippel
Spiraea x rosalba Dippel;Spiraea alba;Spiraea × rosalba Dippel
Spiraea x vanhouttei (Briot) Carrière;Spiraea cantoniensis;Spiraea × vanhouttei (Briot) Carrière
Spiraea x vanhouttei (Briot) Carrière;Spiraea trilobata;Spiraea × vanhouttei (Briot) Carrière
Symphoricarpos x chenaultii Rehder;Symphoricarpos microphyllus;Symphoricarpos × chenaultii Rehder
Symphoricarpos x chenaultii Rehder;Symphoricarpos orbiculatus;Symphoricarpos × chenaultii Rehder
Symphytum officinale x asperum x tuberosum;Symphytum officinale;Symphytum officinale × asperum × tuberosum
Symphytum officinale x asperum x tuberosum;Symphytum asperum;Symphytum officinale × asperum × tuberosum
Symphytum officinale x asperum x tuberosum;Symphytum tuberosum;Symphytum officinale × asperum × tuberosum
Symphytum x uplandicum Nyman;Symphytum officinale;Symphytum × uplandicum Nyman
Symphytum x uplandicum Nyman;Symphytum asperum;Symphytum × uplandicum Nyman
Tilia x europaea L;Tilia platyphyllos;Tilia × europaea L
Tilia x europaea L;Tilia cordata;Tilia × europaea L
Tragopogon x mirabilis Rouy;Tragopogon pratensis;Tragopogon × mirabilis Rouy
Tragopogon x mirabilis Rouy;Tragopogon porrifolius;Tragopogon × mirabilis Rouy
Tripleurospermum maritimum x inodorum;Tripleurospermum maritimum;Tripleurospermum maritimum × inodorum
Tripleurospermum maritimum x inodorum;Tripleurospermum inodorum;Tripleurospermum maritimum × inodorum
Verbascum pyramidatum x nigrum;Verbascum pyramidatum;Verbascum pyramidatum × nigrum
Verbascum pyramidatum x nigrum;Verbascum nigrum;Verbascum pyramidatum × nigrum
Verbascum pyramidatum x thapsus;Verbascum pyramidatum;Verbascum pyramidatum × thapsus
Verbascum pyramidatum x thapsus;Verbascum thapsus;Verbascum pyramidatum × thapsus
Verbascum x duernsteinense Teyber;Verbascum thapsus;Verbascum × duernsteinense Teyber
Verbascum x duernsteinense Teyber;Verbascum speciosum;Verbascum × duernsteinense Teyber
Verbascum x intermedium Rupr. ex Bercht. & Pfund;Verbascum blattaria;Verbascum × intermedium Rupr. ex Bercht. & Pfund
Verbascum x intermedium Rupr. ex Bercht. & Pfund;Verbascum nigrum;Verbascum × intermedium Rupr. ex Bercht. & Pfund
Verbascum x kerneri Fritsch;Verbascum phlomoides;Verbascum × kerneri Fritsch
Verbascum x kerneri Fritsch;Verbascum thapsus;Verbascum × kerneri Fritsch
Verbascum x lemaitrei Boreau;Verbascum virgatum;Verbascum × lemaitrei Boreau
Verbascum x lemaitrei Boreau;Verbascum thapsus;Verbascum × lemaitrei Boreau
Veronica longifolia x spicata;Veronica longifolia;Veronica longifolia × spicata
Veronica longifolia x spicata;Veronica spicata;Veronica longifolia × spicata
Viburnum x rhytidophylloides J.V. Suringar;Viburnum lantana;Viburnum × rhytidophylloides J.V. Suringar
Viburnum x rhytidophylloides J.V. Suringar;Viburnum rhytidophyllum;Viburnum × rhytidophylloides J.V. Suringar
Viola x wittrockiana Gams ex Kappert;Viola lutea;Viola × wittrockiana Gams ex Kappert
Viola x wittrockiana Gams ex Kappert;Viola tricolor;Viola × wittrockiana Gams ex Kappert
Viola x wittrockiana Gams ex Kappert;Viola altaica;Viola × wittrockiana Gams ex Kappert
X Agropogon robinsonii (Druce) Melderis & D.C. McClint.;Agrostis stolonifera;× Agropogon robinsonii (Druce) Melderis & D.C. McClint.
X Agropogon robinsonii (Druce) Melderis & D.C. McClint.;Polypogon viridis;× Agropogon robinsonii (Druce) Melderis & D.C. McClint.
X Conyzigeron huelsenii (Vatke) Rauschert;Erigeron acer;× Conyzigeron huelsenii (Vatke) Rauschert
X Conyzigeron huelsenii (Vatke) Rauschert;Conyza canadensis;× Conyzigeron huelsenii (Vatke) Rauschert
X Crataemespilus grandiflora (Sm.) E.G. Camus;Mespilus germanica;× Crataemespilus grandiflora (Sm.) E.G. Camus
X Crataemespilus grandiflora (Sm.) E.G. Camus;Crataegus laevigata;× Crataemespilus grandiflora (Sm.) E.G. Camus
X Cuprocyparis leylandii (A.B. Jacks. & Dallim.) Farjon;Cupressus macrocarpa;× Cuprocyparis leylandii (A.B. Jacks. & Dallim.) Farjon
X Cuprocyparis leylandii (A.B. Jacks. & Dallim.) Farjon;Xanthocyparis nootkatensis;× Cuprocyparis leylandii (A.B. Jacks. & Dallim.) Farjon
X Festulolium braunii (K. Richt.) A. Camus;Festuca pratensis;× Festulolium braunii (K. Richt.) A. Camus
X Festulolium braunii (K. Richt.) A. Camus;Lolium multiflorum;× Festulolium braunii (K. Richt.) A. Camus
