verbatim;type;edited;edited2;edited3;source;usageKey;acceptedUsageKey;parent1;parent2;parent1_usageKey;parent1_acceptedUsageKey;parent2_usageKey;parent2_acceptedUsageKey
Acaena anserinifolia x inermis;formula;Acaena anserinifolia × inermis;Acaena anserinifolia × inermis;NA;ecoflora;NA;NA;Acaena anserinifolia;Acaena inermis;7942884;7942884;5370687;5370687
Aconitum x cammarum L.;name;Aconitum × cammarum L.;Aconitum ×cammarum L.;Aconitum × cammarum;ecoflora;7967494;7276900;Aconitum napellus;Aconitum variegatum;3033665;3033665;8090449;8090449
Agrostis gigantea x stolonifera;formula;Agrostis gigantea × stolonifera;Agrostis gigantea × stolonifera;NA;ecoflora;10303464;10303464;Agrostis gigantea;Agrostis stolonifera;2706541;2706541;2706435;2706435
Agrostis x bjoerkmanii Widén;name;Agrostis × bjoerkmanii Widén;Agrostis ×bjoerkmanii Widén;Agrostis × bjoerkmanii;ecoflora;5942450;5942450;Agrostis capillaris;Agrostis gigantea;2706490;2706490;2706541;2706541
Agrostis x fouilladeana Lambinon & Verloove;name;Agrostis × fouilladeana Lambinon & Verloove;Agrostis ×fouilladeana Lambinon & Verloove;Agrostis × fouilladeana;ecoflora;4122968;4122968;Agrostis capillaris;Agrostis castellana;2706490;2706490;2706501;2706501
Alnus x hybrida A. Braun ex Rchb.;name;Alnus × hybrida A. Braun ex Rchb.;Alnus ×hybrida A. Braun ex Rchb.;Alnus × hybrida;ecoflora;2876576;2876571;Alnus glutinosa;Alnus incana;2876213;2876213;9148577;9148577
Amaranthus x ozanonii (Thell.) C. Schust. & M. Goldschm.;name;Amaranthus × ozanonii (Thell.) C. Schust. & M. Goldschm.;Amaranthus ×ozanonii (Thell.) C. Schust. & M. Goldschm.;Amaranthus × ozanonii;ecoflora;8079858;8079858;Amaranthus retroflexus;Amaranthus hybridus;6109534;6109534;5384364;5384364
Anchusa x baumgartenii (Nyman) Gusul.;name;Anchusa × baumgartenii (Nyman) Gusul.;Anchusa ×baumgartenii (Nyman) Gusul.;Anchusa × baumgartenii;ecoflora;7555217;7295374;Anchusa ochroleuca;Anchusa officinalis;5662089;5662089;5341201;5341201
Anemone x hybrida Paxton;name;Anemone × hybrida Paxton;Anemone ×hybrida Paxton;Anemone × hybrida;ecoflora;3925834;9673106;Anemone hupehensis;Anemone vitifolia;3033229;9677963;7276828;3925297
Arctium x nothum (Ruhmer) J. Weiss;name;Arctium × nothum (Ruhmer) J. Weiss;Arctium ×nothum (Ruhmer) J. Weiss;Arctium × nothum;ecoflora;5393084;5393084;Arctium lappa;Arctium minus;7353729;7353729;5393103;5393103
Artemisia x wurzellii C.M. James & Stace;name;Artemisia × wurzellii C.M. James & Stace;Artemisia ×wurzellii C.M. James & Stace;Artemisia × wurzellii;ecoflora;3121656;3121656;Artemisia vulgaris;Artemisia verlotiorum;3120946;3120946;3120790;3120790
Aster x salignus Willd.;name;Aster × salignus Willd.;Aster ×salignus Willd.;Aster × salignus;ecoflora;7483367;3151811;Aster novi-belgii;Aster lanceolatus;5406382;3151558;NA;NA
Aster x versicolor Willd.;name;Aster × versicolor Willd.;Aster ×versicolor Willd.;Aster × versicolor;ecoflora;5406499;3151751;Aster laevis;Aster novi-belgii;NA;NA;5406382;3151558
Avena x hybrida Peterm.;name;Avena × hybrida Peterm.;Avena ×hybrida Peterm.;Avena × hybrida;ecoflora;8373305;8373305;Avena fatua;Avena sativa;2705297;2705297;2705290;2705290
Berberis x stenophylla Lindl.;name;Berberis × stenophylla Lindl.;Berberis ×stenophylla Lindl.;Berberis × stenophylla;ecoflora;8143254;8143254;Berberis darwinii;Berberis empetrifolia;3033905;3033905;7300424;7300424
Brassica x harmsiana O.E. Schulz;name;Brassica × harmsiana O.E. Schulz;Brassica ×harmsiana O.E. Schulz;Brassica × harmsiana;ecoflora;3692399;3042636;Brassica napus;Brassica rapa;3042636;3042636;7903057;7903057
Bromus x pseudothominei P.M.Sm.;name;Bromus × pseudothominei P.M.Sm.;Bromus ×pseudothominei P.M.Sm.;Bromus × pseudothominei;ecoflora;6084960;4124881;Bromus hordeaceus;Bromus lepidus;2703777;2703777;2703711;2703711
Buddleja x weyeriana Weyer;name;Buddleja × weyeriana Weyer;Buddleja ×weyeriana Weyer;Buddleja × weyeriana;ecoflora;4927640;4927640;Buddleja davidii;Buddleja globosa;3173338;3173338;6387494;6387494
Calystegia x howittiorum Brummitt;name;Calystegia × howittiorum Brummitt;Calystegia ×howittiorum Brummitt;Calystegia × howittiorum;ecoflora;3679407;3679407;Calystegia pulchra;Calystegia silvatica;3678949;3678949;2928446;2928446
Calystegia x lucana (Ten.) G. Don;name;Calystegia × lucana (Ten.) G. Don;Calystegia ×lucana (Ten.) G. Don;Calystegia × lucana;ecoflora;3679288;3679288;Calystegia sepium;Calystegia silvatica;2928441;2928441;2928446;2928446
Calystegia x scanica Brummitt;name;Calystegia × scanica Brummitt;Calystegia ×scanica Brummitt;Calystegia × scanica;ecoflora;3678851;3678851;Calystegia sepium;Calystegia pulchra;2928441;2928441;3678949;3678949
Capsella x gracilis Gren.;name;Capsella × gracilis Gren.;Capsella ×gracilis Gren.;Capsella × gracilis;ecoflora;5375428;5375425;Capsella bursa-pastoris;Capsella rubella;5375388;5375388;5375425;5375425
Centaurea x moncktonii C.E. Britton;name;Centaurea × moncktonii C.E. Britton;Centaurea ×moncktonii C.E. Britton;Centaurea × moncktonii;ecoflora;4925587;7223253;Centaurea nigra;Centaurea jacea;3128225;3128225;3128547;3128547
Cerastium x maueri M.Schulze;name;Cerastium × maureri M.Schulze;Cerastium ×maureri M.Schulze;Cerastium × maureri;ecoflora;7925372;7925372;Cerastium arvense;Cerastium tomentosum;3085433;3085433;3085438;3085438
Chenopodium x bontei Aellen;name;Chenopodium × bontei Aellen;Chenopodium ×bontei Aellen;Chenopodium × bontei;ecoflora;6035591;7720286;Chenopodium carinatum;Chenopodium cristatum;3083833;5568424;3083870;5568415
Colutea x media Willd.;name;Colutea × media Willd.;Colutea ×media Willd.;Colutea × media;ecoflora;2956441;2956441;Colutea arborescens;Colutea orientalis;7844167;7844167;2956442;2956442
Conyza canadensis x bonariensis;formula;Conyza canadensis × bonariensis;Conyza canadensis × bonariensis;NA;ecoflora;NA;NA;Conyza canadensis;Conyza bonariensis;5404801;3146791;5404795;3146717
Corylus avellana x maxima;formula;Corylus avellana × maxima;Corylus avellana × maxima;NA;ecoflora;NA;NA;Corylus avellana;Corylus maxima;2875979;2875979;2876049;2876049
Cotoneaster x suecicus G. Klotz;name;Cotoneaster × suecicus G. Klotz;Cotoneaster ×suecicus G. Klotz;Cotoneaster × suecicus;ecoflora;3026040;3026040;Cotoneaster dammeri;Cotoneaster conspicuus;3026049;3026049;7977854;7977854
Cotoneaster x watereri Exell;name;Cotoneaster × watereri Exell;Cotoneaster ×watereri Exell;Cotoneaster × watereri;ecoflora;3026004;3026004;Cotoneaster frigidus;Cotoneaster salicifolius;7671195;7671195;3026074;3026074
Crataegus monogyna x heterophylla;formula;Crataegus monogyna × heterophylla;Crataegus monogyna × heterophylla;NA;ecoflora;NA;NA;Crataegus monogyna;Crataegus heterophylla;9220780;9220780;8031653;8031653
Crocosmia x crocosmiiflora (Lemoine) N.E. Br.;name;Crocosmia × crocosmiiflora (Lemoine) N.E. Br.;Crocosmia ×crocosmiiflora (Lemoine) N.E. Br.;Crocosmia × crocosmiiflora;ecoflora;2747939;2747939;Crocosmia potsii;Crocosmia aurea;2747959;2747959;2747948;2747948
Crocus chrysanthus x biflorus;formula;Crocus chrysanthus × biflorus;Crocus chrysanthus × biflorus;NA;ecoflora;NA;NA;Crocus chrysanthus;Crocus biflorus;2747489;2747489;2747340;2747340
Crocus vernus x tommasinianus;formula;Crocus vernus × tommasinianus;Crocus vernus × tommasinianus;NA;ecoflora;NA;NA;Crocus vernus;Crocus tommasinianus;2747567;2747567;2747564;2747564
Crocus x stellaris Haw.;name;Crocus × stellaris Haw.;Crocus ×stellaris Haw.;Crocus × stellaris;ecoflora;3586380;2747750;Crocus angustifolius;Crocus flavus;2747704;2747704;2747737;2747737
Dianthus caryophyllus x plumarius;formula;Dianthus caryophyllus × plumarius;Dianthus caryophyllus × plumarius;NA;ecoflora;NA;NA;Dianthus caryophyllus;Dianthus plumarius;3085420;3085420;3085412;3085412
Dianthus gratianopolitanus x caryophyllus;formula;Dianthus gratianopolitanus × caryophyllus;Dianthus gratianopolitanus × caryophyllus;NA;ecoflora;NA;NA;Dianthus gratianopolitanus;Dianthus caryophyllus;6364219;6364219;3085420;3085420
Dianthus gratianopolitanus x plumarius;formula;Dianthus gratianopolitanus × plumarius;Dianthus gratianopolitanus × plumarius;NA;ecoflora;NA;NA;Dianthus gratianopolitanus;Dianthus plumarius;6364219;6364219;3085412;3085412
Dipsacus fullonum x sativus;formula;Dipsacus fullonum × sativus;Dipsacus fullonum × sativus;NA;ecoflora;NA;NA;Dipsacus fullonum;Dipsacus sativus;8435025;8435025;2888816;2888816
Dipsacus x pseudosilvester Schur;name;Dipsacus × pseudosilvester Schur;Dipsacus ×pseudosilvester Schur;Dipsacus × pseudosilvester;ecoflora;11698887;11698887;Dipsacus fullonum;Dipsacus laciniatus;8435025;8435025;2888814;2888814
Doronicum x willdenowii (Rouy) A.W. Hill;name;Doronicum × willdenowii (Rouy) A.W. Hill;Doronicum ×willdenowii (Rouy) A.W. Hill;Doronicum × willdenowii;ecoflora;4230874;4230874;Doronicum pardalianches;Doronicum plantagineum;3142951;3142951;8340385;8340385
Epilobium ciliatum x lanceolatum;formula;Epilobium ciliatum × lanceolatum;Epilobium ciliatum × lanceolatum;NA;ecoflora;NA;NA;Epilobium ciliatum;Epilobium lanceolatum;9188840;9188840;6427899;6427899
Epilobium x brunnatum Kitchener & McKean;name;Epilobium × brunnatum Kitchener & McKean;Epilobium ×brunnatum Kitchener & McKean;Epilobium × brunnatum;ecoflora;3667256;3667256;Epilobium ciliatum;Epilobium brunnescens;9188840;9188840;7322764;7322764
Epilobium x chateri Kitchener & McKean;name;Epilobium × chateri Kitchener & McKean;Epilobium ×chateri Kitchener & McKean;Epilobium × chateri;ecoflora;3666958;3666958;Epilobium palustre;Epilobium brunnescens;3189080;3189080;7322764;7322764
Epilobium x confusilobum Kitchener & McKean;name;Epilobium × confusilobum Kitchener & McKean;Epilobium ×confusilobum Kitchener & McKean;Epilobium × confusilobum;ecoflora;3666711;3666711;Epilobium montanum;Epilobium brunnescens;3664083;3664083;7322764;7322764
Epilobium x floridulum Smejkal;name;Epilobium × floridulum Smejkal;Epilobium ×floridulum Smejkal;Epilobium × floridulum;ecoflora;3665966;3665966;Epilobium parviflorum;Epilobium ciliatum;3189157;3189157;9188840;9188840
Epilobium x fossicola Smejkal;name;Epilobium × fossicola Smejkal;Epilobium ×fossicola Smejkal;Epilobium × fossicola;ecoflora;3665907;3665907;Epilobium ciliatum;Epilobium palustre;9188840;9188840;3189080;3189080
Epilobium x interjectum Smejkal;name;Epilobium × interjectum Smejkal;Epilobium ×interjectum Smejkal;Epilobium × interjectum;ecoflora;3665061;3665061;Epilobium montanum;Epilobium ciliatum;3664083;3664083;9188840;9188840
Epilobium x mentiens Smejkal;name;Epilobium × mentiens Smejkal;Epilobium ×mentiens Smejkal;Epilobium × mentiens;ecoflora;3664293;3664293;Epilobium tetragonum;Epilobium ciliatum;7322563;7322563;9188840;9188840
Epilobium x novae-civitatis Smejkal;name;Epilobium × novae-civitatis Smejkal;Epilobium ×novae-civitatis Smejkal;Epilobium × novae;ecoflora;7595738;7595738;Epilobium hirsutum;Epilobium ciliatum;3189172;3189172;9188840;9188840
Epilobium x nutantiflorum Smejkal;name;Epilobium × nutantiflorum Smejkal;Epilobium ×nutantiflorum Smejkal;Epilobium × nutantiflorum;ecoflora;3663762;3663762;Epilobium roseum;Epilobium ciliatum;3666800;3666800;9188840;9188840
Epilobium x obscurescens Kitchener & McKean;name;Epilobium × obscurescens Kitchener & McKean;Epilobium ×obscurescens Kitchener & McKean;Epilobium × obscurescens;ecoflora;3667871;3667871;Epilobium obscurum;Epilobium brunnescens;3189152;3189152;7322764;7322764
Epilobium x vicinum;name;Epilobium × vicinum;Epilobium ×vicinum;Epilobium × vicinum;ecoflora;3665710;3665710;Epilobium obscurum;Epilobium ciliatum;3189152;3189152;9188840;9188840
Erica x darleyensis Bean;name;Erica × darleyensis Bean;Erica ×darleyensis Bean;Erica × darleyensis;ecoflora;7327719;7327719;Erica erigena;Erica carnea;7327590;7327590;5682465;5682465
Erysimum x marshallii (Henfr.) Bois;name;Erysimum × marshallii (Henfr.) Bois;Erysimum ×marshallii (Henfr.) Bois;Erysimum × marshallii;ecoflora;3048532;3048532;Erysimum decumbens;Erysimum perofskianum;NA;NA;3048131;3048131
Euphorbia x gayeri Boros & Soó;name;Euphorbia × gayeri Boros & Soó;Euphorbia ×gayeri Boros & Soó;Euphorbia × gayeri;ecoflora;7849675;7849675;Euphorbia cyparissias;Euphorbia waldsteinii;3070106;3070106;3064275;7402123
Euphorbia x pseudoesula Schur;name;Euphorbia × pseudoesula Schur;Euphorbia ×pseudoesula Schur;Euphorbia × pseudoesula;ecoflora;3068528;3068528;Euphorbia esula;Euphorbia cyparissias;8203538;8203538;3070106;3070106
Euphorbia x pseudovirgata (Schur) Soó;name;Euphorbia × pseudovirgata (Schur) Soó;Euphorbia ×pseudovirgata (Schur) Soó;Euphorbia × pseudovirgata;ecoflora;3064268;7402123;Euphorbia esula;Euphorbia waldsteinii;8203538;8203538;3064275;7402123
Fallopia x bohemica (Chrtek & Chrtková) J.P. Bailey;name;Fallopia × bohemica (Chrtek & Chrtková) J.P. Bailey;Fallopia ×bohemica (Chrtek & Chrtková) J.P. Bailey;Fallopia × bohemica;ecoflora;5652296;4038485;Fallopia japonica;Fallopia sachalinensis;5334357;2889173;5334293;2889088
Fallopia x conollyana J.P. Bailey;name;Fallopia × conollyana J.P. Bailey;Fallopia ×conollyana J.P. Bailey;Fallopia × conollyana;ecoflora;5652288;4038524;Fallopia japonica;Fallopia baldschuanica;5334357;2889173;5334351;5334351
Festuca arundinacea x Lolium multiflorum;formula;Festuca arundinacea × Lolium multiflorum;Festuca arundinacea × Lolium multiflorum;NA;ecoflora;NA;NA;Festuca arundinacea;Lolium multiflorum;NA;NA;4129708;4129708
Festuca rubra x Vulpia myuros;formula;Festuca rubra × Vulpia myuros;Festuca rubra × Vulpia myuros;NA;ecoflora;NA;NA;Festuca rubra;Vulpia myuros;2704922;2704922;NA;NA
Fumaria officinalis x densiflora;formula;Fumaria officinalis × densiflora;Fumaria officinalis × densiflora;NA;ecoflora;NA;NA;Fumaria officinalis;Fumaria densiflora;5334217;5334217;5530883;5530883
Fumaria officinalis x parviflora;formula;Fumaria officinalis × parviflora;Fumaria officinalis × parviflora;NA;ecoflora;NA;NA;Fumaria officinalis;Fumaria parviflora;5334217;5334217;5334215;5334215
Fumaria x painteri Pugsley;name;Fumaria × painteri Pugsley;Fumaria ×painteri Pugsley;Fumaria × painteri;ecoflora;5531906;5532015;Fumaria muralis;Fumaria officinalis;7315286;7315286;5334217;5334217
Galanthus elwesii x plicatus;formula;Galanthus elwesii × plicatus;Galanthus elwesii × plicatus;NA;ecoflora;NA;NA;Galanthus elwesii;Galanthus plicatus;2855398;2855398;2855338;2855338
Galanthus nivalis x elwesii;formula;Galanthus nivalis × elwesii;Galanthus nivalis × elwesii;NA;ecoflora;NA;NA;Galanthus nivalis;Galanthus elwesii;2855356;2855356;2855398;2855398
Galanthus nivalis x plicatus;formula;Galanthus nivalis × plicatus;Galanthus nivalis × plicatus;NA;ecoflora;9888973;11992781;Galanthus nivalis;Galanthus plicatus;2855356;2855356;2855338;2855338
Galium x pomeranicum Retz.;name;Galium × pomeranicum Retz.;Galium ×pomeranicum Retz.;Galium × pomeranicum;ecoflora;2914963;2914963;Galium verum;Galium mollugo;9063248;9063248;9039392;9039392
Gaultheria x wisleyensis D.J. Middleton;name;Gaultheria × wisleyensis D.J. Middleton;Gaultheria ×wisleyensis D.J. Middleton;Gaultheria × wisleyensis;ecoflora;4168619;4168619;Gaultheria shallon;Gaultheria mucronata;2882758;2882758;7328395;7328395
Geranium x magnificum Hyl.;name;Geranium × magnificum Hyl.;Geranium ×magnificum Hyl.;Geranium × magnificum;ecoflora;2889980;2889980;Geranium ibericum;Geranium platypetalum;2891552;2891552;2890532;2890532
Geranium x monacense Harz;name;Geranium × monacense Harz;Geranium ×monacense Harz;Geranium × monacense;ecoflora;2891107;9870631;Geranium phaeum;Geranium reflexum;2891390;2891390;2890512;2890512
Geranium x oxonianum Yeo;name;Geranium × oxonianum Yeo;Geranium ×oxonianum Yeo;Geranium × oxonianum;ecoflora;2890035;2890035;Geranium endressii;Geranium versicolor;2890502;2890502;2890739;2890739
Glyceria x pedicellata F. Towns.;name;Glyceria × pedicellata F. Towns.;Glyceria ×pedicellata F. Towns.;Glyceria × pedicellata;ecoflora;4105590;4105590;Glyceria fluitans;Glyceria notata;2705495;2705495;4105780;4105780
Hebe x franciscana (Eastw.) Souster;name;Hebe × franciscana (Eastw.) Souster;Hebe ×franciscana (Eastw.) Souster;Hebe × franciscana;ecoflora;5414987;7445708;Hebe elliptica;Hebe speciosa;7344817;3731711;5414988;3172028
Hebe x lewisii (J.B. Armstr.) A. Wall;name;Hebe × lewisii (J.B. Armstr.) A. Wall;Hebe ×lewisii (J.B. Armstr.) A. Wall;Hebe × lewisii;ecoflora;7506681;3729932;Hebe salicifolia;Hebe elliptica;5559735;7331824;7344817;3731711
Helianthus rigidus x tuberosus;formula;Helianthus rigidus × tuberosus;Helianthus rigidus × tuberosus;NA;ecoflora;NA;NA;Helianthus rigidus;Helianthus tuberosus;6065079;7223475;3119175;3119175
Helianthus x multiflorus L.;name;Helianthus × multiflorus L.;Helianthus ×multiflorus L.;Helianthus × multiflorus;ecoflora;8279192;3119185;Helianthus annuus;Helianthus decapetalus;9206251;9206251;3119185;3119185
Heracleum sphondylium x mantegazzianum;formula;Heracleum sphondylium × mantegazzianum;Heracleum sphondylium × mantegazzianum;NA;ecoflora;NA;NA;Heracleum sphondylium;Heracleum mantegazzianum;3034830;3034830;3034825;3034825
Hyacinthoides x massartiana Geerinck;name;Hyacinthoides × massartiana Geerinck;Hyacinthoides ×massartiana Geerinck;Hyacinthoides × massartiana;ecoflora;5304294;5304294;Hyacinthoides non-scripta;Hyacinthoides hispanica;5304283;5304283;5304257;5304257
Hypericum x inodorum Mill.;name;Hypericum × inodorum Mill.;Hypericum ×inodorum Mill.;Hypericum × inodorum;ecoflora;3711564;3711564;Hypericum androsaemum;Hypericum hircinum;3189525;3189525;6436603;6436603
Ilex x altaclerensis (hort. ex Loudon) Dallim.;name;Ilex × altaclerensis (hort. ex Loudon) Dallim.;Ilex ×altaclerensis (hort. ex Loudon) Dallim.;Ilex × altaclerensis;ecoflora;5930559;5930559;Ilex aquifolium;Ilex perado;5414222;5414222;9278245;9278245
Iris x robusta E.S. Anderson;name;Iris × robusta E.S. Anderson;Iris ×robusta E.S. Anderson;Iris × robusta;ecoflora;5299157;5299157;Iris versicolor;Iris virginica;5298019;5298019;5298008;5298008
Juncus inflexus x pallidus;formula;Juncus inflexus × pallidus;Juncus inflexus × pallidus;NA;ecoflora;NA;NA;Juncus inflexus;Juncus pallidus;2701841;2701841;2701564;2701564
Laburnum x watereri (Wettst.) Dippel;name;Laburnum × watereri (Wettst.) Dippel;Laburnum ×watereri (Wettst.) Dippel;Laburnum × watereri;ecoflora;5356351;5356351;Laburnum anagyroides;Laburnum alpinum;5356345;5356345;5356343;5356343
Larix x marschlinsii Coaz;name;Larix × marschlinsii Coaz;Larix ×marschlinsii Coaz;Larix × marschlinsii;ecoflora;4938682;4938682;Larix decidua;Larix kaempferi;2686212;2686212;2686157;2686157
Lavandula x intermedia Loisel.;name;Lavandula × intermedia Loisel.;Lavandula ×intermedia Loisel.;Lavandula × intermedia;ecoflora;12021612;12021612;Lavandula angustifolia;Lavandula latifolia;2927305;2927305;2927304;2927304
Leucanthemum x superbum;name;Leucanthemum × superbum;Leucanthemum ×superbum;Leucanthemum × superbum;ecoflora;5401007;5401007;Leucanthemum lacustre;Leucanthemum maximum;5401010;5401010;5401002;5401002
Linaria x cornubiensis Druce;name;Linaria × cornubiensis Druce;Linaria ×cornubiensis Druce;Linaria × cornubiensis;ecoflora;7699085;7699085;Linaria repens;Linaria supina;5415019;5415019;5415009;5415009
Linaria x dominii Druce;name;Linaria × dominii Druce;Linaria ×dominii Druce;Linaria × dominii;ecoflora;8159267;8159267;Linaria purpurea;Linaria repens;5415012;5415012;5415019;5415019
Linaria x sepium J.G. Allman;name;Linaria × sepium J.G. Allman;Linaria ×sepium J.G. Allman;Linaria × sepium;ecoflora;5415022;5415022;Linaria vulgaris;Linaria repens;5415020;5415020;5415019;5415019
Lolium x boucheanum Kunth;name;Lolium × boucheanum Kunth;Lolium ×boucheanum Kunth;Lolium × boucheanum;ecoflora;4133390;4133390;Lolium perenne;Lolium multiflorum;2706241;2706241;4129708;4129708
Lonicera x italica Schmidt ex Tausch;name;Lonicera × italica Schmidt ex Tausch;Lonicera ×italica Schmidt ex Tausch;Lonicera × italica;ecoflora;8325800;5598788;Lonicera caprifolium;Lonicera etrusca;5334227;5334227;5334247;5334247
Lupinus x pseudopolyphyllus C.P. Sm.;name;Lupinus × pseudopolyphyllus C.P. Sm.;Lupinus ×pseudopolyphyllus C.P. Sm.;Lupinus × pseudopolyphyllus;ecoflora;3907823;3907823;Lupinus polyphyllus;Lupinus nootkatensis;2964355;2964355;2964525;2964525
Lupinus x regalis Bergmans;name;Lupinus × regalis Bergmans;Lupinus ×regalis Bergmans;Lupinus × regalis;ecoflora;2964309;2964309;Lupinus arboreus;Lupinus polyphyllus;2963807;2963807;2964355;2964355
Macleaya x kewensis Turrill;name;Macleaya × kewensis Turrill;Macleaya ×kewensis Turrill;Macleaya × kewensis;ecoflora;5530751;5530751;Macleaya cordata;Macleaya microcarpa;5334194;5334194;5530747;5530747
Mahonia x decumbens Stace;name;Mahonia × decumbens Stace;Mahonia ×decumbens Stace;Mahonia × decumbens;ecoflora;3982249;3982249;Mahonia aquifolium;Mahonia repens;3033865;3033865;3033850;3033850
Malus x purpurea (E. Barbier) Rehder;name;Malus × purpurea (E. Barbier) Rehder;Malus ×purpurea (E. Barbier) Rehder;Malus × purpurea;ecoflora;3001270;3001270;Malus atrosanguinea;Malus niedzwetzkyana;3001440;3001440;3001327;3001244
Mentha x gracilis Sole;name;Mentha × gracilis Sole;Mentha ×gracilis Sole;Mentha × gracilis;ecoflora;7923052;7923052;Mentha arvensis;Mentha spicata;2927192;2927192;2927175;2927175
Mentha x piperita L.;name;Mentha × piperita L.;Mentha ×piperita L.;Mentha × piperita;ecoflora;8707933;8707933;Mentha aquatica;Mentha spicata;2927208;2927208;2927175;2927175
Mentha x rotundifolia (L.) Huds.;name;Mentha × rotundifolia (L.) Huds.;Mentha ×rotundifolia (L.) Huds.;Mentha × rotundifolia;ecoflora;8974899;8974899;Mentha suaveolens;Mentha longifolia;2927190;2927190;7510173;7510173
Mentha x verticillata L.;name;Mentha × verticillata L.;Mentha ×verticillata L.;Mentha × verticillata;ecoflora;8172952;8172952;Mentha arvensis;Mentha aquatica;2927192;2927192;2927208;2927208
Mentha x villosa Huds;name;Mentha × villosa Huds;Mentha ×villosa Huds;Mentha × villosa;ecoflora;8004895;8004895;Mentha spicata;Mentha suaveolens;2927175;2927175;2927190;2927190
Mentha x villosonervata Opiz;name;Mentha × villosonervata Opiz;Mentha ×villosonervata Opiz;Mentha × villosonervata;ecoflora;6559932;10051670;Mentha spicata;Mentha longifolia;2927175;2927175;7510173;7510173
Mimulus x burnetii S. Arn.;name;Mimulus × burnetii S. Arn.;Mimulus ×burnetii S. Arn.;Mimulus × burnetii;ecoflora;9418730;9540567;Mimulus guttatus;Mimulus cupreus;NA;NA;NA;NA
Mimulus x maculosus T. Moore;name;Mimulus × maculosus T. Moore;Mimulus ×maculosus T. Moore;Mimulus × maculosus;ecoflora;9434017;9333519;Mimulus luteus;Mimulus cupreus;6070840;7730307;NA;NA
Mimulus x robertsii Silverside;name;Mimulus × robertsii Silverside;Mimulus ×robertsii Silverside;Mimulus × robertsii;ecoflora;5563498;7507094;Mimulus guttatus;Mimulus luteus;NA;NA;6070840;7730307
Narcissus x incomparabilis Mill.;name;Narcissus × incomparabilis Mill.;Narcissus ×incomparabilis Mill.;Narcissus × incomparabilis;ecoflora;2859255;2859255;Narcissus poeticus;Narcissus pseudonarcissus;2858581;2858581;2858244;2858244
Narcissus x medioluteus Mill.;name;Narcissus × medioluteus Mill.;Narcissus ×medioluteus Mill.;Narcissus × medioluteus;ecoflora;2858896;2858896;Narcissus tazetta;Narcissus poeticus;2858963;2858963;2858581;2858581
Narcissus x monochromus P.D. Sell;name;Narcissus × monochromus P.D. Sell;Narcissus ×monochromus P.D. Sell;Narcissus × monochromus;ecoflora;4014301;4014301;Narcissus pseudonarcissus;Narcissus cyclamineus;2858244;2858244;2858654;2858654
Narcissus x odorus L.;name;Narcissus × odorus L.;Narcissus ×odorus L.;Narcissus × odorus;ecoflora;2858472;2858472;Narcissus pseudonarcissus;Narcissus jonquilla;2858244;2858244;2858909;2858909
Nepeta x faassenii Bergmans ex Stearn;name;Nepeta × faassenii Bergmans ex Stearn;Nepeta ×faassenii Bergmans ex Stearn;Nepeta × faassenii;ecoflora;7350989;7350989;Nepeta nepetella;Nepeta racemosa;7309064;7309064;5341497;5341497
Nicotiana x sanderae W. Watson;name;Nicotiana × sanderae W. Watson;Nicotiana ×sanderae W. Watson;Nicotiana × sanderae;ecoflora;3799170;3799170;Nicotiana alata;Nicotiana forgetiana;2928761;2928761;2928779;2928779
Nothofagus nervosa x obliqua;formula;Nothofagus nervosa × obliqua;Nothofagus nervosa × obliqua;NA;ecoflora;NA;NA;Nothofagus nervosa;Nothofagus obliqua;2874879;2874878;2874984;2874984
Oenothera biennis x cambrica;formula;Oenothera biennis × cambrica;Oenothera biennis × cambrica;NA;ecoflora;NA;NA;Oenothera biennis;Oenothera cambrica;3188924;3188924;7322292;7322292
Oenothera x britannica Rostanski;name;Oenothera × britannica Rostanski;Oenothera ×britannica Rostanski;Oenothera × britannica;ecoflora;3664627;3664627;Oenothera glazioviana;Oenothera cambrica;3188894;3188894;7322292;7322292
Oenothera x fallax Renner;name;Oenothera × fallax Renner;Oenothera ×fallax Renner;Oenothera × fallax;ecoflora;7915783;7915783;Oenothera glazioviana;Oenothera biennis;3188894;3188894;3188924;3188924
Olearia x haastii Hook. f.;name;Olearia × haastii Hook. f.;Olearia ×haastii Hook. f.;Olearia × haastii;ecoflora;5405015;5405015;Olearia avicenniifolia;Olearia moschata;5404996;5404996;5405267;5405267
Papaver x hungaricum Borbás;name;Papaver × hungaricum Borbás;Papaver ×hungaricum Borbás;Papaver × hungaricum;ecoflora;3601414;3601414;Papaver rhoeas;Papaver dubium;2888443;2888443;2888464;2888464
Petunia x hybrida (Hook.) Vilm.;name;Petunia × hybrida (Hook.) Vilm.;Petunia ×hybrida (Hook.) Vilm.;Petunia × hybrida;ecoflora;2928860;2928859;Petunia axillaris;Petunia integrifolia;2928863;2928863;2928861;2928861
Pilosella x floribunda (Wimm. & Grab.) Arv.-Touv.;name;Pilosella × floribunda (Wimm. & Grab.) Arv.-Touv.;Pilosella ×floribunda (Wimm. & Grab.) Arv.-Touv.;Pilosella × floribunda;ecoflora;7555535;3123193;Pilosella caespitosa;Pilosella lactucella;3123663;3123663;9509071;9509071
Pilosella x stoloniflora (Waldst. & Kit.) F.W. Schultz & Sch. Bip.;name;Pilosella × stoloniflora (Waldst. & Kit.) F.W. Schultz & Sch. Bip.;Pilosella ×stoloniflora (Waldst. & Kit.) F.W. Schultz & Sch. Bip.;Pilosella × stoloniflora;ecoflora;3123249;3123249;Pilosella officinarum;Pilosella aurantiaca;9458333;9458333;3122924;3122924
Platanus x hispanica Mill. ex Münchh.;name;Platanus × hispanica Mill. ex Münchh.;Platanus ×hispanica Mill. ex Münchh.;Platanus × hispanica;ecoflora;7400250;7400250;Platanus occidentalis;Platanus orientalis;3152820;3152820;3152816;3152816
Poa x jemtlandica (Almq.) K. Richt.;name;Poa × jemtlandica (Almq.) K. Richt.;Poa ×jemtlandica (Almq.) K. Richt.;Poa × jemtlandica;ecoflora;4119997;4119997;Poa flexuosa;Poa alpina;9002189;9002189;2704234;2704234
Polygonatum x hybridum Brügger;name;Polygonatum × hybridum Brügger;Polygonatum ×hybridum Brügger;Polygonatum × hybridum;ecoflora;7881150;7881150;Polygonatum multiflorum;Polygonatum odoratum;2770022;2770022;2770228;2770228
Populus x canescens (Aiton) Sm.;name;Populus × canescens (Aiton) Sm.;Populus ×canescens (Aiton) Sm.;Populus × canescens;ecoflora;3040185;3040185;Populus alba;Populus tremula;3040233;3040233;3040249;3040249
Populus x berolinensis (K. Koch) Dippel;name;Populus × berolinensis (K. Koch) Dippel;Populus ×berolinensis (K. Koch) Dippel;Populus × berolinensis;ecoflora;3040238;8345607;Populus nigra;Populus laurifolia;3040227;3040227;3803716;3803716
Populus x canadensis Moench;name;Populus × canadensis Moench;Populus ×canadensis Moench;Populus × canadensis;ecoflora;8190077;8190077;Populus nigra;Populus deltoides;3040227;3040227;3040232;3040232
Populus x generosa A. Henry;name;Populus × generosa A. Henry;Populus ×generosa A. Henry;Populus × generosa;ecoflora;3040245;3040241;Populus trichocarpa;Populus deltoides;6362904;6362904;3040232;3040232
Populus x jackii Sarg.;name;Populus × jackii Sarg.;Populus ×jackii Sarg.;Populus × jackii;ecoflora;3040241;3040241;Populus balsamifera;Populus deltoides;3040184;3040184;3040232;3040232
Prunella x intermedia Link;name;Prunella × intermedia Link;Prunella ×intermedia Link;Prunella × intermedia;ecoflora;8100612;8100612;Prunella vulgaris;Prunella laciniata;5341297;5341297;5341296;5341296
Prunus x fruticans Weihe;name;Prunus × fruticans Weihe;Prunus ×fruticans Weihe;Prunus × fruticans;ecoflora;3022203;3022203;Prunus spinosa;Prunus domestica;3023221;3023221;7931731;7931731
Qercus x crenata Lam.;name;Quercus × crenata Lam.;Quercus ×crenata Lam.;Quercus × crenata;ecoflora;2880003;2880003;Quercus cerris;Quercus suber;2880580;2880580;2879411;2879411
Quercus cerris x robur;formula;Quercus cerris × robur;Quercus cerris × robur;NA;ecoflora;NA;NA;Quercus cerris;Quercus robur;2880580;2880580;2878688;2878688
Raphanus x micranthus (Uechtr.) O.E. Schulz;name;Raphanus × micranthus (Uechtr.) O.E. Schulz;Raphanus ×micranthus (Uechtr.) O.E. Schulz;Raphanus × micranthus;ecoflora;3687879;3687879;Raphanus raphanistrum;Raphanus sativus;3040983;3040983;7678610;7678610
Rheum x hybridum Murray;name;Rheum × hybridum Murray;Rheum ×hybridum Murray;Rheum × hybridum;ecoflora;4037896;4037896;Rheum palmatum;Rheum rhaponticum;2888864;2888864;2888866;2888866
Rorippa x armoracioides (Tausch) Fuss;name;Rorippa × armoracioides (Tausch) Fuss;Rorippa ×armoracioides (Tausch) Fuss;Rorippa × armoracioides;ecoflora;3693306;3693336;Rorippa sylvestris;Rorippa austriaca;3053376;3053376;3053406;3053406
Rorippa x hungarica Borbás;name;Rorippa × hungarica Borbás;Rorippa ×hungarica Borbás;Rorippa × hungarica;ecoflora;7829497;7829497;Rorippa amphibia;Rorippa austriaca;3053201;3053201;3053406;3053406
Rosa x alba L.;name;Rosa × alba L.;Rosa ×alba L.;Rosa × alba;ecoflora;3007383;3007383;Rosa arvensis;Rosa gallica;3007054;3007054;3002530;3002530
Rosa x paulii Rehder;name;Rosa × paulii Rehder;Rosa ×paulii Rehder;Rosa × paulii;ecoflora;3002759;3002759;Rosa arvensis;Rosa rugosa;3007054;3007054;3003979;3003979
Rosa x praegeri Wolley-Dod;name;Rosa × praegeri Wolley-Dod;Rosa ×praegeri Wolley-Dod;Rosa × praegeri;ecoflora;3002480;3002480;Rosa rugosa;Rosa canina;3003979;3003979;3002461;3002461
Rubus x fraseri Rehder;name;Rubus × fraseri Rehder;Rubus ×fraseri Rehder;Rubus × fraseri;ecoflora;2997212;2997212;Rubus odoratus;Rubus parviflorus;2994912;2994912;7872219;7872219
Rubus x paxii Focke;name;Rubus × paxii Focke;Rubus ×paxii Focke;Rubus × paxii;ecoflora;2991585;2991585;Rubus idaeus;Rubus phoenicolasius;2993094;2993094;2995149;2995149
Rumex cristatus x conglomeratus;formula;Rumex cristatus × conglomeratus;Rumex cristatus × conglomeratus;NA;ecoflora;NA;NA;Rumex cristatus;Rumex conglomeratus;2889010;2889010;2888963;2888963
Rumex patientia x conglomeratus;formula;Rumex patientia × conglomeratus;Rumex patientia × conglomeratus;NA;ecoflora;NA;NA;Rumex patientia;Rumex conglomeratus;2889019;2889019;2888963;2888963
Rumex x akeroydii Rumsey;name;Rumex × akeroydii Rumsey;Rumex ×akeroydii Rumsey;Rumex × akeroydii;ecoflora;4036936;4036936;Rumex cristatus;Rumex palustris;2889010;2889010;4037603;4037603
Rumex x borbasii Blocki;name;Rumex × borbasii Blocki;Rumex ×borbasii Blocki;Rumex × borbasii;ecoflora;8155014;8155014;Rumex confertus;Rumex obtusifolius;2888943;2888943;2889011;2889011
Rumex x confusus Simonk;name;Rumex × confusus Simonk;Rumex ×confusus Simonk;Rumex × confusus;ecoflora;2889024;2889024;Rumex patientia;Rumex crispus;2889019;2889019;8195144;8195144
Rumex x cornubiensis Holyoak;name;Rumex × cornubiensis Holyoak;Rumex ×cornubiensis Holyoak;Rumex × cornubiensis;ecoflora;4035212;4035212;Rumex frutescens;Rumex obtusifolius;2888976;2888976;2889011;2889011
Rumex x dimidiatus Hausskn.;name;Rumex × dimidiatus Hausskn.;Rumex ×dimidiatus Hausskn.;Rumex × dimidiatus;ecoflora;4034698;4034698;Rumex cristatus;Rumex crispus;2889010;2889010;8195144;8195144
Rumex x erubescens Simonk.;name;Rumex × erubescens Simonk.;Rumex ×erubescens Simonk.;Rumex × erubescens;ecoflora;8242651;8242651;Rumex patientia;Rumex obtusifolius;2889019;2889019;2889011;2889011
Rumex x lousleyi D.H. Kent;name;Rumex × lousleyi D.H. Kent;Rumex ×lousleyi D.H. Kent;Rumex × lousleyi;ecoflora;4032438;4032438;Rumex cristatus;Rumex obtusifolius;2889010;2889010;2889011;2889011
Rumex x skofitzii Blocki;name;Rumex × skofitzii Blocki;Rumex ×skofitzii Blocki;Rumex × skofitzii;ecoflora;7389976;7389976;Rumex confertus;Rumex crispus;2888943;2888943;8195144;8195144
Sagina x normaniana Lagerh.;name;Sagina × normaniana Lagerh.;Sagina ×normaniana Lagerh.;Sagina × normaniana;ecoflora;3812722;3812722;Sagina saginoides;Sagina procumbens;7952995;7952995;3085402;3085402
Salix x alopecuroides Tausch ex Opiz;name;Salix × alopecuroides Tausch ex Opiz;Salix ×alopecuroides Tausch ex Opiz;Salix × alopecuroides;ecoflora;7815245;7679524;Salix fragilis;Salix triandra;5372829;5372829;7103891;7103891
Salix x ehrhartiana Sm.;name;Salix × ehrhartiana Sm.;Salix ×ehrhartiana Sm.;Salix × ehrhartiana;ecoflora;7617444;5582592;Salix pentandra;Salix alba;5372647;5372647;5372513;5372513
Salix x friesiana Andersson;name;Salix × friesiana Andersson;Salix ×friesiana Andersson;Salix × friesiana;ecoflora;5582973;5582973;Salix viminalis;Salix repens;5372933;5372933;9148812;9148812
Salix x fruticosa Döll;name;Salix × fruticosa Döll;Salix ×fruticosa Döll;Salix × fruticosa;ecoflora;7892119;7892119;Salix viminalis;Salix aurita;5372933;5372933;5372876;5372876
Salix x holosericea Willd.;name;Salix × holosericea Willd.;Salix ×holosericea Willd.;Salix × holosericea;ecoflora;7895688;7895688;Salix viminalis;Salix cinerea;5372933;5372933;5372605;5372605
Salix x meyeriana Rostk. ex Willd.;name;Salix × meyeriana Rostk. ex Willd.;Salix ×meyeriana Rostk. ex Willd.;Salix × meyeriana;ecoflora;7580239;7580239;Salix pentandra;Salix fragilis;5372647;5372647;5372829;5372829
Salix x mollissima Hoffm. ex Elwert;name;Salix × mollissima Hoffm. ex Elwert;Salix ×mollissima Hoffm. ex Elwert;Salix × mollissima;ecoflora;8025520;8025520;Salix triandra;Salix viminalis;7103891;7103891;5372933;5372933
Salix x pendulina Wender;name;Salix × pendulina Wender;Salix ×pendulina Wender;Salix × pendulina;ecoflora;5372638;5372638;Salix fragilis;Salix babylonica;5372829;5372829;5372639;5372639
Salix x rubens Schrank;name;Salix × rubens Schrank;Salix ×rubens Schrank;Salix × rubens;ecoflora;5372512;5372512;Salix fragilis;Salix alba;5372829;5372829;5372513;5372513
Salix x rubra Huds.;name;Salix × rubra Huds.;Salix ×rubra Huds.;Salix × rubra;ecoflora;5372926;5372926;Salix purpurea;Salix viminalis;5372800;5372800;5372933;5372933
Salix x seminigricans E.G. Camus & A. Camus;name;Salix × seminigricans E.G. Camus & A. Camus;Salix ×seminigricans E.G. Camus & A. Camus;Salix × seminigricans;ecoflora;5582794;5582794;Salix viminalis;Salix myrsinifolia;5372933;5372933;5372875;5372875
Salix x sepulcralis Simonk.;name;Salix × sepulcralis Simonk.;Salix ×sepulcralis Simonk.;Salix × sepulcralis;ecoflora;5373037;5373037;Salix alba;Salix babylonica;5372513;5372513;5372639;5372639
Salix x smithiana Willd.;name;Salix × smithiana Willd.;Salix ×smithiana Willd.;Salix × smithiana;ecoflora;5372818;5372818;Salix viminalis;Salix caprea;5372933;5372933;5372952;5372952
Saxifraga x geum L.;name;Saxifraga × geum L.;Saxifraga ×geum L.;Saxifraga × geum;ecoflora;8223023;8223023;Saxifraga umbrosa;Saxifraga hirsuta;3032812;3032812;3032748;3032748
Saxifraga x polita (Haw.) Link;name;Saxifraga × polita (Haw.) Link;Saxifraga ×polita (Haw.) Link;Saxifraga × polita;ecoflora;3752678;3752678;Saxifraga spathularis;Saxifraga hirsuta;3752882;3752882;3032748;3032748
Saxifraga x urbium D.A. Webb;name;Saxifraga × urbium D.A. Webb;Saxifraga ×urbium D.A. Webb;Saxifraga × urbium;ecoflora;3754353;3754353;Saxifraga umbrosa;Saxifraga spathularis;3032812;3032812;3752882;3752882
Senecio x albescens Burb. & Colgan;name;Senecio × albescens Burb. & Colgan;Senecio ×albescens Burb. & Colgan;Senecio × albescens;ecoflora;7474003;8210972;Senecio cineraria;Senecio jacobaea;3097222;11153937;8965572;8965572
Senecio x baxteri Druce;name;Senecio × baxteri Druce;Senecio ×baxteri Druce;Senecio × baxteri;ecoflora;9449619;9449619;Senecio squalidus;Senecio vulgaris;3109117;3109117;3108983;3108983
Senecio x helwingii Beger ex Hegi;name;Senecio × helwingii Beger ex Hegi;Senecio ×helwingii Beger ex Hegi;Senecio × helwingii;ecoflora;4232678;4221116;Senecio vulgaris;Senecio vernalis;3108983;3108983;6063730;6063730
Senecio x subnebrodensis Simonk.;name;Senecio × subnebrodensis Simonk.;Senecio ×subnebrodensis Simonk.;Senecio × subnebrodensis;ecoflora;4217089;4217089;Senecio squalidus;Senecio viscosus;3109117;3109117;3107855;3107855
Senecio x thuretii Briq. & Cavill.;name;Senecio × thuretii Briq. & Cavill.;Senecio ×thuretii Briq. & Cavill.;Senecio × thuretii;ecoflora;4215936;8429716;Senecio cineraria;Senecio erucifolius;3097222;11153937;NA;NA
Senecio x viscidulus Scheele;name;Senecio × viscidulus Scheele;Senecio ×viscidulus Scheele;Senecio × viscidulus;ecoflora;8237293;8237293;Senecio sylvaticus;Senecio viscosus;3107987;3107987;3107855;3107855
Silene x hampeana Meusel & K. Werner;name;Silene × hampeana Meusel & K. Werner;Silene ×hampeana Meusel & K. Werner;Silene × hampeana;ecoflora;5384788;5384788;Silene latifolia;Silene dioica;5384805;5384805;5384795;5384795
Solanum x procurrens A.C. Leslie;name;Solanum × procurrens A.C. Leslie;Solanum ×procurrens A.C. Leslie;Solanum × procurrens;ecoflora;2931934;2931934;Solanum nigrum;Solanum physalifolium;9150405;9150405;2932144;2932144
Solidago x niederederi Khek;name;Solidago × niederederi Khek;Solidago ×niederederi Khek;Solidago × niederederi;ecoflora;5704635;5704635;Solidago virgaurea;Solidago canadensis;6446462;6446462;5389029;5389029
Sorbus aucuparia x intermedia;formula;Sorbus aucuparia × intermedia;Sorbus aucuparia × intermedia;NA;ecoflora;10249462;10815519;Sorbus aucuparia;Sorbus intermedia;3012167;3012167;3012254;10071055
Spartina x townsendii H. Groves & J. Groves;name;Spartina × townsendii H. Groves & J. Groves;Spartina ×townsendii H. Groves & J. Groves;Spartina × townsendii;ecoflora;5290034;9393876;Spartina maritima;Spartina alterniflora;5290044;9396295;5290035;9394776
Spiraea x arguta Zabel;name;Spiraea × arguta Zabel;Spiraea ×arguta Zabel;Spiraea × arguta;ecoflora;3027190;3027190;Spiraea multiflora;Spiraea thunbergii;3027169;3027169;3026402;3026402
Spiraea x billardii Hérincq;name;Spiraea × billardii Hérincq;Spiraea ×billardii Hérincq;Spiraea × billardii;ecoflora;7889822;7889822;Spiraea alba;Spiraea douglasii;3026585;3026585;3027159;3027159
Spiraea x brachybotrys Lange;name;Spiraea × brachybotrys Lange;Spiraea ×brachybotrys Lange;Spiraea × brachybotrys;ecoflora;3026426;3027138;Spiraea douglasii;Spiraea canescens;3027159;3027159;3027138;3027138
Spiraea x pseudosalicifolia Silverside;name;Spiraea × pseudosalicifolia Silverside;Spiraea ×pseudosalicifolia Silverside;Spiraea × pseudosalicifolia;ecoflora;3026444;3026444;Spiraea salicifolia;Spiraea douglasii;3026454;3026454;3027159;3027159
Spiraea x rosalba Dippel;name;Spiraea × rosalba Dippel;Spiraea ×rosalba Dippel;Spiraea × rosalba;ecoflora;3027332;3027332;Spiraea salicifolia;Spiraea alba;3026454;3026454;3026585;3026585
Spiraea x vanhouttei (Briot) Carrière;name;Spiraea × vanhouttei (Briot) Carrière;Spiraea ×vanhouttei (Briot) Carrière;Spiraea × vanhouttei;ecoflora;8236373;3026622;Spiraea cantoniensis;Spiraea trilobata;3026906;3026906;3026656;3026656
Symphoricarpos x chenaultii Rehder;name;Symphoricarpos × chenaultii Rehder;Symphoricarpos ×chenaultii Rehder;Symphoricarpos × chenaultii;ecoflora;3855595;3855595;Symphoricarpos microphyllus;Symphoricarpos orbiculatus;2888629;2888629;2888636;2888636
Symphytum x uplandicum Nyman;name;Symphytum × uplandicum Nyman;Symphytum ×uplandicum Nyman;Symphytum × uplandicum;ecoflora;2926068;2926068;Symphytum officinale;Symphytum asperum;7558421;7558421;2926066;2926066
Tilia x europaea L;name;Tilia × europaea L;Tilia ×europaea L;Tilia × europaea;ecoflora;3152046;3152046;Tilia platyphyllos;Tilia cordata;3152048;3152048;3152047;3152047
Tragopogon x mirabilis Rouy;name;Tragopogon × mirabilis Rouy;Tragopogon ×mirabilis Rouy;Tragopogon × mirabilis;ecoflora;5709400;5709400;Tragopogon pratensis;Tragopogon porrifolius;5386897;5386897;5386938;5386938
Tripleurospermum maritimum x inodorum;formula;Tripleurospermum maritimum × inodorum;Tripleurospermum maritimum × inodorum;NA;ecoflora;NA;NA;Tripleurospermum maritimum;Tripleurospermum inodorum;3104173;3104173;3104179;3104179
Verbascum pyramidatum x nigrum;formula;Verbascum pyramidatum × nigrum;Verbascum pyramidatum × nigrum;NA;ecoflora;NA;NA;Verbascum pyramidatum;Verbascum nigrum;3736698;3736698;3171945;3171945
Verbascum pyramidatum x thapsus;formula;Verbascum pyramidatum × thapsus;Verbascum pyramidatum × thapsus;NA;ecoflora;NA;NA;Verbascum pyramidatum;Verbascum thapsus;3736698;3736698;3171949;3171949
Verbascum x duernsteinense Teyber;name;Verbascum × duernsteinense Teyber;Verbascum ×duernsteinense Teyber;Verbascum × duernsteinense;ecoflora;3740009;3740009;Verbascum thapsus;Verbascum speciosum;3171949;3171949;3171952;3171952
Verbascum x intermedium Rupr. ex Bercht. & Pfund;name;Verbascum × intermedium Rupr. ex Bercht. & Pfund;Verbascum ×intermedium Rupr. ex Bercht. & Pfund;Verbascum × intermedium;ecoflora;8026271;8026271;Verbascum blattaria;Verbascum nigrum;3171943;3171943;3171945;3171945
Verbascum x kerneri Fritsch;name;Verbascum × kerneri Fritsch;Verbascum ×kerneri Fritsch;Verbascum × kerneri;ecoflora;3171950;3171950;Verbascum phlomoides;Verbascum thapsus;3171948;3171948;3171949;3171949
Verbascum x lemaitrei Boreau;name;Verbascum × lemaitrei Boreau;Verbascum ×lemaitrei Boreau;Verbascum × lemaitrei;ecoflora;3738336;3738336;Verbascum virgatum;Verbascum thapsus;3171954;3171954;3171949;3171949
Veronica longifolia x spicata;formula;Veronica longifolia × spicata;Veronica longifolia × spicata;NA;ecoflora;10324382;10324382;Veronica longifolia;Veronica spicata;3172118;3172118;3172059;3172059
Viburnum x rhytidophylloides J.V. Suringar;name;Viburnum × rhytidophylloides J.V. Suringar;Viburnum ×rhytidophylloides J.V. Suringar;Viburnum × rhytidophylloides;ecoflora;2888588;2888588;Viburnum lantana;Viburnum rhytidophyllum;2888615;2888615;2888625;2888625
X Agropogon robinsonii (Druce) Melderis & D.C. McClint.;name;×Agropogon robinsonii (Druce) Melderis & D.C. McClint.;×Agropogon robinsonii (Druce) Melderis & D.C. McClint.;NA;ecoflora;4135289;4135289;Agrostis stolonifera;Polypogon viridis;2706435;2706435;5289919;5289919
X Conyzigeron huelsenii (Vatke) Rauschert;name;×Conyzigeron huelsenii (Vatke) Rauschert;×Conyzigeron huelsenii (Vatke) Rauschert;NA;ecoflora;3095938;3095939;Erigeron acer;Conyza canadensis;3147223;3147223;5404801;3146791
X Crataemespilus grandiflora (Sm.) E.G. Camus;name;×Crataemespilus grandiflora (Sm.) E.G. Camus;×Crataemespilus grandiflora (Sm.) E.G. Camus;NA;ecoflora;3032430;3032430;Mespilus germanica;Crataegus laevigata;3031774;3031774;8252683;8252683
X Cuprocyparis leylandii (A.B. Jacks. & Dallim.) Farjon;name;×Cuprocyparis leylandii (A.B. Jacks. & Dallim.) Farjon;×Cuprocyparis leylandii (A.B. Jacks. & Dallim.) Farjon;NA;ecoflora;3611595;8030887;Cupressus macrocarpa;Xanthocyparis nootkatensis;2684070;2684070;2683894;2683894
X Festulolium braunii (K. Richt.) A. Camus;name;×Festulolium braunii (K. Richt.) A. Camus;×Festulolium braunii (K. Richt.) A. Camus;NA;ecoflora;2703221;10800064;Festuca pratensis;Lolium multiflorum;NA;NA;4129708;4129708
